SubjectID,RandomOrdering,Environment,Trial, ObjectId, RealStartVectorX, RealStartVectorY, RealStartVectorZ, PerfectStartVectorX, PerfectStartVectorY, PerfectStartVectorZ, RealStartAngleX, RealStartAngleY, RealStartAngleZ, PerfectStartAngleX, PerfectStartAngleY, PerfectStartAngleZ, StartErrorX, StartErrorY, StartErrorZ, RealEndVectorX, RealEndVectorY, RealEndVectorZ, PerfectEndVectorX, PerfectEndVectorY, PerfectEndVectorZ, RealEndAngleX, RealEndAngleY, RealEndAngleZ, PerfectEndAngleX, PerfectEndAngleY, PerfectEndAngle, EndErrorX, EndErrorY, EndErrorZ, RealChangeX, RealChangeY, RealChangeZ, PerfectChangeX, PerfectChangeY, PerfectChangeZ, ChangeErrorX, ChangeErrorY, ChangeErrorZ, ElapsedTime,,,Item Index,Item Name,,,,,,,,,,
0,1,full,1,1,-0.008687091,0.102195,-0.9947266,-0.002843371,-0.1080067,-0.9941461,174.1342,180.5004,355.1412,186.2004,180.1639,181.508,12.06624,0.3364868,-173.6332,-0.5049267,0.7009768,-0.5036672,-0.2773848,0.732842,-0.6212891,125.6981,225.0715,324.2341,130.2906,204.0592,339.2681,4.59256,21.01239,15.03397,-48.43613,-44.57118,-30.90714,-55.90981,-23.89528,157.7601,-7.473679,-20.6759,188.6672,4.707918,,,0,sconce,,,,,,,,,,
0,1,full,2,3,-0.2486288,0.2562923,-0.9340762,0.009467855,-0.1184278,-0.9929175,164.6568,194.9052,315.8695,186.8017,179.4537,175.4291,22.14491,15.45148,-140.4404,0.06188253,-0.9975357,-0.03306111,-0.2104412,-0.8094133,0.5482377,268.1017,118.1136,176.4502,304.1108,339.0007,194.5738,36.00909,-220.887,18.12363,103.445,76.79153,-139.4194,117.3092,-159.547,19.14467,13.86418,236.3385,158.564,3.321198,,,1,chandelier,,,,,,,,,,
0,1,full,3,4,-0.000546018,0.09772655,-0.9952133,0.01395384,-0.1082156,-0.9940295,174.3917,180.0314,359.6799,186.2131,179.1958,172.6526,11.82133,0.8356781,-187.0273,0.6274419,0.4725341,0.6188927,0.5233477,0.6938666,0.4946275,37.36229,45.39302,53.01616,54.51657,46.61607,37.02536,17.15428,-1.223049,-15.99079,-137.0294,134.6384,-306.6637,-131.6965,132.5797,-135.6272,5.332947,2.058731,171.0365,4.608752,,,2,paint can,,,,,,,,,,
0,1,full,6,8,-0.01052269,0.05331201,-0.9985225,0.02615244,-0.1126191,-0.993294,176.9438,180.6038,348.8345,186.4685,178.4918,166.9265,9.524704,2.111969,-181.9081,0.1876468,0.6283949,-0.754923,0.2062083,0.01759853,-0.9783498,140.2261,166.0412,16.6263,178.9695,168.0979,85.122,38.74335,-2.056671,68.4957,-36.7177,14.56256,-332.2082,-7.499054,10.39392,-81.80448,29.21864,4.16864,250.4037,3.819917,,,3,sock,,,,,,,,,,
0,1,full,7,6,0.07143095,0.08332763,-0.993959,0.01702917,-0.1118228,-0.9935822,175.2079,175.8895,40.60418,186.4213,179.0181,171.3411,11.21347,-3.128586,130.7369,0.2559735,-0.9014344,-0.3491329,0.3009628,-0.9274445,-0.221964,248.8282,143.7523,164.1474,256.5406,126.4092,162.0214,7.712433,17.34304,-2.126083,73.62035,32.13722,123.5433,70.11931,52.60885,-9.319748,-3.501038,-20.47163,-132.863,3.653018,,,4,clock,,,,,,,,,,
0,1,full,8,7,0.1662415,0.1731714,-0.9707602,0.06168932,-0.1114255,-0.9918563,169.8855,170.2824,43.83035,186.4098,176.441,151.0294,16.52422,-6.158585,107.1991,0.4539238,0.5477886,-0.7027668,0.3791156,0.4663557,-0.7992395,142.0645,147.1412,39.64677,149.7365,154.6229,39.10878,7.671951,-7.481705,-0.5379906,-27.82103,23.14125,-4.183578,-36.67329,21.81813,-111.9207,-8.852264,1.32312,-107.7371,3.719198,,,5,books,,,,,,,,,,outlier hello
0,1,full,9,8,-0.0576197,0.1992194,-0.9782596,-0.0344542,-0.1101262,-0.9933202,168.4893,183.3708,343.8687,186.3264,181.9866,197.3729,17.83705,1.384277,-146.4958,0.020316,0.3550541,-0.934625,0.2118916,0.02503117,-0.9769726,159.1987,178.7548,3.274862,178.5323,167.7629,83.26276,19.33359,10.99188,79.9879,-9.290558,4.616074,-340.5938,-7.794022,14.22368,-114.1101,1.496536,-9.607605,226.4837,3.554864,,,6,plant,,,,,,,,,,
0,1,full,10,4,0.07334573,0.2650102,-0.9614521,0.03008071,-0.1205576,-0.9922505,164.5899,175.6376,15.47026,186.9274,178.2636,165.99,22.33752,-2.626022,150.5198,0.55178,0.4102696,0.7260975,0.4544452,0.6982794,0.5530691,29.46792,37.23213,53.36778,51.61917,39.40922,33.05636,22.15126,-2.177094,-20.31142,-135.122,138.4054,37.89752,-135.3083,138.8544,-132.9337,-0.186264,-0.4489288,-170.8312,3.655161,,,7,vase,,,,,,,,,,
0,1,full,11,7,-0.08416985,0.1284618,-0.9881363,-0.07608449,-0.1102857,-0.9909835,172.5929,184.8687,326.7667,186.3503,184.3904,214.6012,13.7574,0.478363,-112.1655,0.3313703,0.3727683,-0.8667397,0.364828,0.4865428,-0.7938367,156.7284,159.0772,41.63531,148.4958,155.3176,36.86394,-8.232529,3.759598,-4.771378,-15.86449,25.79149,-285.1313,-37.85442,29.07272,-177.7373,-21.98993,-3.281235,107.3941,3.598785,,,8,basketball,,,,,,,,,,
0,1,full,12,1,0.3947933,0.368556,-0.8416086,0.02029953,-0.1212616,-0.9924129,156.3505,154.869,46.96855,186.9664,178.8282,170.4966,30.61586,-23.95917,123.5281,-0.2513896,0.7467082,-0.6158166,-0.2549923,0.7491214,-0.6113886,129.5127,202.2063,341.3935,129.2193,202.6396,341.202,-0.293396,-0.4332581,-0.1914673,-26.83781,-47.33731,294.4249,-57.74707,-23.8114,170.7054,-30.90926,-23.52591,-123.7195,3.597478,,,,,,,,,,,,,,
0,1,full,13,3,-0.0385108,0.09265579,-0.9949534,-0.005661297,-0.1145354,-0.993403,174.6796,182.2166,337.4306,186.5769,180.3265,182.8297,11.89731,1.890076,-154.6009,0.3874094,-0.9149649,0.1129307,-0.1110511,-0.9156513,0.3863295,277.0362,73.74847,157.0515,292.8757,343.9626,186.9151,15.83951,-270.2141,29.86362,102.3566,108.4681,-180.3791,106.2988,-163.6361,4.085388,3.9422,272.1042,184.4645,3.320589,,,,,,,,,,,,,,
0,1,full,14,6,-0.04564942,0.2227054,-0.9738166,-0.02807559,-0.1231203,-0.9919946,167.1183,182.6839,348.4162,187.075,181.6212,192.8457,19.95667,1.062698,-155.5704,0.379079,-0.847734,-0.3710076,0.276166,-0.9483239,-0.1562503,246.3636,134.3835,155.9074,260.6437,119.5005,163.7637,14.28015,14.88299,7.856293,79.24524,48.30038,-192.5088,73.56873,62.12067,-29.08206,-5.676514,-13.82029,163.4267,3.453874,,,,,,,,,,,,,,
0,1,full,15,5,0.02798101,0.2372482,-0.9710462,-0.03211617,-0.1293747,-0.9910756,166.2703,178.3495,6.72638,187.4373,181.856,193.9414,21.16698,-3.506577,187.215,0.9668162,0.1063371,0.2322909,0.9892293,-0.1118573,-0.09441008,24.59716,76.48997,83.72344,229.8349,95.45168,96.45133,205.2377,-18.96171,12.72789,-141.6732,101.8595,76.99706,42.39755,86.40437,-97.49004,184.0707,15.45513,-174.4871,2.964742,,,,,,,,,,,,,,
0,1,full,16,0,-0.1086216,0.1560341,-0.9817611,-0.1017442,-0.1165247,-0.9879626,170.9693,186.3135,325.1567,186.7266,185.8798,221.126,15.75729,0.4336853,-104.0307,-0.1144994,-0.2438357,-0.9630339,-0.175835,-0.3741196,-0.9105583,194.2084,186.7803,205.1536,202.3362,190.9297,205.1734,8.127777,-4.149353,0.01977539,23.23907,-0.4668121,-120.0031,15.60956,-5.04985,-15.95264,-7.629517,4.583038,104.0504,3.887435,,,,,,,,,,,,,,
0,1,full,17,2,-0.1360795,-0.2685656,-0.9536012,-0.02754473,-0.09803003,-0.9948022,195.729,188.1213,206.8709,185.6279,181.586,195.6944,-10.10109,6.535278,-11.17645,-0.619673,0.09788059,0.7787328,-0.9070603,-0.08359464,0.4126179,7.164059,321.4891,278.976,348.5471,294.4606,264.7345,341.3831,27.02856,-14.24152,-188.5649,-133.3678,72.10513,162.9192,-112.8745,69.04007,351.4841,-20.49329,-3.065063,3.431542,,,,,,,,,,,,,,
0,1,full,18,3,0.1054864,-0.4755968,-0.8733159,0.03505009,-0.06701867,-0.9971359,208.5721,173.1127,167.4944,183.8451,177.9868,152.3909,-24.72702,-4.87413,-15.10347,0.3293958,-0.9437641,0.02842245,-0.1623776,-0.8533026,0.4954879,271.725,85.06835,160.7598,300.1425,341.8554,190.7742,28.41748,-256.787,30.01436,63.15286,88.04435,-6.734543,116.2974,-163.8685,38.38329,53.1445,251.9129,45.11783,2.942583,,,,,,,,,,,,,,
0,1,full,19,0,-0.01313016,0.2234372,-0.97463,0.01225849,-0.1223169,-0.9924154,167.0879,180.7718,356.6369,187.0264,179.2923,174.277,19.93848,1.479538,-182.3599,-0.1824586,-0.4095545,-0.8938535,-0.1720262,-0.3627758,-0.9158607,204.6168,191.5371,204.0132,201.6087,190.6379,205.37,-3.008057,0.8991394,1.356827,37.52888,-10.76523,-152.6237,14.58235,-11.34563,31.09306,-22.94653,0.5803986,183.7168,3.255901,,,,,,,,,,,,,,
0,1,full,20,8,-0.08086059,-0.5157695,-0.8529031,0.06989441,-0.07033633,-0.9950716,211.1623,185.4158,188.9101,184.0432,175.9821,135.1806,-27.11908,9.433716,-53.72955,0.1027,0.477694,-0.8725029,0.2112727,0.0222539,-0.9771738,151.2994,173.2867,12.1334,178.6954,167.8,83.98706,27.39603,5.486755,71.85366,-59.86293,12.12907,-176.7767,-5.347824,8.182114,-51.1935,54.51511,3.94696,125.5832,3.45443,,,,,,,,,,,,,,
0,1,full,21,7,0.09704439,0.4967802,-0.8624337,0.005885669,-0.1348541,-0.990848,150.0571,173.5799,11.05335,187.7503,179.6597,177.5009,37.69318,-6.079803,166.4476,0.5604973,0.483061,-0.6726776,0.3946066,0.4807889,-0.7830247,144.3172,140.1978,49.24381,148.4494,153.2541,39.37738,4.132202,-13.05629,-9.866428,-5.739899,33.38205,38.19046,-39.30087,26.40556,-138.1235,-33.56097,6.976486,-176.314,3.252634,,,,,,,,,,,,,,
0,1,full,22,2,-0.02429677,0.04344795,-0.9987602,-0.0452797,-0.106649,-0.9932652,177.5091,181.3936,330.7854,186.1285,182.6101,203.0045,8.6194,-1.216568,-127.7809,-0.6217345,0.08239473,0.7788821,-0.8804948,-0.09513109,0.4644127,6.038625,321.4017,277.5491,348.4236,297.8092,263.8335,342.3849,23.59253,-13.71555,-171.4705,-140.0082,-53.23633,162.2951,-115.1991,60.82903,333.7656,-24.8091,114.0654,4.298104,,,,,,,,,,,,,,
0,1,full,23,5,0.01932693,0.08834492,-0.9959026,0.02179725,-0.1146693,-0.9931645,174.9306,178.8882,12.34,186.5861,178.7427,169.2372,11.65547,0.1455078,156.8972,0.9968864,0.07611247,0.02060176,0.9824606,-0.1020696,-0.1560543,74.85437,88.81609,85.63393,213.1873,99.02547,95.93128,138.3329,-10.20939,10.29736,-100.0763,90.07214,73.29393,26.60117,79.71725,-73.30589,126.6774,10.3549,-146.5998,3.36584,,,,,,,,,,,,,,2) paint can error flipped
0,1,full,24,4,-0.0368605,0.1177354,-0.9923608,-0.0207322,-0.1117305,-0.9935223,173.2339,182.1272,342.6158,186.4165,181.1954,190.512,13.18251,0.9317932,-152.1038,0.6910703,0.5125189,0.5096531,0.5220423,0.6926168,0.4977487,45.16064,53.59183,53.43824,54.2971,46.36465,37.00624,9.136463,7.22718,-16.432,-128.0733,128.5354,-289.1775,-132.1194,134.8308,-153.5057,-4.046051,-6.29538,135.6718,3.466497,,,,,,,,,,,,,,5) books similar 
0,1,full,25,6,-0.07373854,0.1293666,-0.9888514,-0.0318554,-0.1135,-0.9930272,172.5466,184.2646,330.317,186.5204,181.8374,195.6775,13.97383,2.427261,-134.6395,0.3500199,-0.8028851,-0.4825575,0.2993841,-0.9333259,-0.198171,238.9929,144.045,156.4451,258.0125,123.5017,162.2153,19.01965,20.54327,5.770187,66.44629,40.21964,-173.8719,71.49211,58.33564,-33.46228,5.045822,-18.116,140.4097,3.333428,,,,,,,,,,,,,,
0,1,full,26,1,-0.006033645,0.2497252,-0.9682981,0.002640289,-0.1228164,-0.9924259,165.5385,180.357,358.6159,187.0547,179.8476,178.7685,21.5162,0.5094604,-179.8475,-0.3041707,0.740168,-0.5996931,-0.2687005,0.7555898,-0.5973977,129.0148,206.8946,337.6599,128.3312,204.2175,340.4238,-0.6835785,2.677109,2.763885,-36.52368,-26.53758,-20.95605,-58.72346,-24.36993,161.6553,-22.19978,-2.167648,182.6114,3.553298,,,,,,,,,,,,,,
0,1,full,27,0,-0.008361702,0.1506273,-0.9885555,0.01855804,-0.1199059,-0.9926118,171.3364,180.4846,356.8226,186.8879,178.9289,171.202,15.55145,1.55571,-185.6206,-0.09746948,-0.552909,-0.8275214,-0.1678971,-0.3599176,-0.9177526,213.7489,186.7176,189.9977,201.4138,190.3673,205.0085,-12.33513,-3.649643,15.01082,42.41248,-6.233002,-166.825,14.52589,-11.43835,33.80643,-27.88658,5.205353,200.6314,4.008909,,,,,,,,,,,,,,
0,1,full,28,2,0.0124205,0.06268506,-0.9979563,0.01926261,-0.1138602,-0.99331,176.4058,179.2869,11.2075,186.5391,178.889,170.3978,10.13333,0.3979034,159.1902,-0.6831708,-0.01310772,0.730141,-0.9151131,-0.07938623,0.3953048,358.9715,316.9035,268.9008,348.6447,293.3631,265.042,-10.32678,23.54041,-3.858826,182.5658,-137.6165,257.6933,162.1056,-114.474,94.64424,-20.46011,-23.1425,-163.0491,3.721361,,,,,,,,,,,,,,
0,1,full,29,5,-0.0631343,0.227758,-0.971669,-0.02855662,-0.1108686,-0.9934248,166.8081,183.7176,344.5067,186.368,181.6465,194.4438,19.55991,2.07103,-150.0629,0.9963086,0.06185056,-0.05952905,0.9754474,-0.1058722,-0.1931154,133.9043,93.41933,86.44765,208.733,101.1984,96.19447,74.82872,-7.77906,9.746819,-32.90379,90.29824,-258.059,22.36502,80.44815,-98.24933,55.26881,9.85009,159.8097,3.721087,,,,,,,,,,,,,,
1,2,full,0,2,0.05038463,0.1865236,-0.9811578,-0.0050592,-0.1612095,-0.9869072,169.2362,177.0603,15.11624,189.2772,180.2937,181.7975,20.04102,-3.233398,166.6813,-0.4934799,0.1433834,0.8578571,-0.9073134,-0.1991624,0.3702926,9.488781,330.0905,286.2015,331.7263,292.2014,257.6195,322.2376,37.8891,-28.58206,-159.7474,-153.0301,271.0853,142.4491,-111.9076,75.82198,302.1965,-41.1225,-195.2633,6.840745,,,,,,,,,,,,,,
1,2,full,1,0,0.03263011,0.1490488,-0.9882915,0.001238213,-0.1559971,-0.9877567,171.4236,178.109,12.34851,188.9746,179.9282,179.5452,17.55103,-1.819199,167.1967,-0.18539,-0.272033,-0.944261,-0.1625136,-0.3741988,-0.9129975,196.0712,191.1078,214.2744,202.2866,190.0929,203.4752,6.215408,1.014847,-10.79919,24.64761,-12.99881,201.9259,13.312,-10.16476,23.92995,-11.33562,-2.834045,-177.9959,5.954712,,,,,,,,,,,,,,
1,2,full,2,3,0.02995021,0.1155077,-0.9928551,0.00237239,-0.1565147,-0.9876728,173.3641,178.2722,14.53621,189.0047,179.8624,179.1316,15.64059,-1.590225,164.5954,0.3989291,-0.6457639,0.6510335,-0.1541385,-0.9422156,0.297441,315.2328,31.49842,148.2938,287.52,332.6061,189.2908,-27.71283,-301.1077,40.99706,141.8687,146.7737,133.7576,98.5153,-152.7437,10.15921,-43.35342,299.5175,-123.5983,5.318276,,,,,,,,,,,,,,
1,2,full,3,4,-0.01980319,0.1881243,-0.9819458,0.000583836,-0.1567429,-0.9876392,169.1545,181.1553,353.9908,189.0179,179.9661,179.7866,19.86339,1.189224,-174.2042,0.6209912,0.4610857,0.6338532,0.5323583,0.7174388,0.4493064,36.03338,44.41275,53.40613,57.94254,49.83589,36.57639,21.90916,-5.423138,-16.82975,-133.1211,136.7426,-300.5847,-131.0753,130.1302,-143.2102,2.045776,6.612366,157.3745,4.308137,,,,,,,,,,,,,,
1,2,full,4,1,0.0471008,0.1484093,-0.9878039,-0.000481077,-0.1554157,-0.9878491,171.4557,177.2701,17.60792,188.9409,180.0279,180.1774,17.48521,-2.757828,162.5694,-0.1302872,0.6296495,-0.7658764,-0.2777536,0.716723,-0.639657,140.5754,189.6545,348.3093,131.7481,203.4716,338.817,-8.827286,-13.81712,-9.49231,-30.88031,-12.38438,330.7014,-57.19281,-23.44368,158.6397,-26.3125,11.0593,-172.0618,4.032734,,,,,,,,,,,,,,3) sock has error flipped 
1,2,full,5,5,0.03363382,0.002820236,-0.9994304,-0.008524989,-0.1507657,-0.9885327,179.8383,178.0726,85.20689,188.6716,180.4941,183.2363,8.833298,-2.421539,98.02942,0.9966777,0.06328203,0.05127356,0.9636946,-0.1844733,-0.1930345,50.98426,87.05505,86.367,223.7009,101.3268,100.8366,172.7166,-14.27178,14.46964,-128.854,91.01751,1.160103,35.02924,79.16727,-82.39967,163.8833,11.85024,-83.55978,4.399057,,,,,,,,,,,,,,
1,2,full,6,7,0.0234259,0.1218039,-0.9922777,0.001518203,-0.166174,-0.9860952,173.0018,178.6476,10.88647,189.5655,179.9118,179.4766,16.56361,-1.264191,168.5901,0.4729306,0.5016863,-0.7243257,0.3997361,0.4511188,-0.7979367,145.2926,146.8585,43.31,150.5181,153.3909,41.54414,5.22551,-6.532379,-1.765862,-27.70929,31.78912,32.42353,-39.04739,26.52094,-137.9324,-11.3381,5.268188,-170.356,2.651508,,,,,,,,,,,,,,
1,2,full,7,8,0.01026606,0.05742728,-0.9982971,0.00302802,-0.1612671,-0.9869062,176.7077,179.4108,10.13549,189.2805,179.8242,178.9243,12.57283,-0.4133911,168.7888,0.225838,0.3746018,-0.8992613,0.2060047,0.001218571,-0.9785503,157.385,165.9025,31.08471,179.9287,168.1117,89.66108,22.54362,-2.209229,58.57637,-19.32263,13.50838,20.94922,-9.351837,11.71254,-89.26324,9.970795,1.795837,-110.2125,3.16499,,,,,,,,,,,,,,
1,2,full,8,6,0.03640442,0.09617507,-0.9946985,0.002976094,-0.160197,-0.9870806,174.4774,177.904,20.73277,189.2184,179.8273,178.9357,14.741,-1.923248,158.2029,0.3764661,-0.6472692,-0.6628094,0.3129351,-0.9171203,-0.2469052,224.3204,150.4041,149.8168,254.9322,128.2734,161.1596,30.61182,22.13068,11.34283,49.843,27.49995,129.084,65.71382,51.55388,-17.77609,15.87082,-24.05392,-146.8601,2.832713,,,,,,,,,,,,,,
1,2,full,9,1,0.01851667,0.09617507,-0.9860382,0.001710739,-0.1632657,-0.9865806,170.4728,178.9242,6.384346,189.3965,179.9007,179.3997,18.92374,-0.9764709,173.0153,-0.1577938,0.5885446,-0.7929167,-0.2784701,0.7361701,-0.6168532,143.4153,191.2551,344.9915,129.9604,204.2962,339.2799,-13.45486,-13.04109,-5.711548,-27.05753,-12.33089,338.6071,-59.43613,-24.39551,159.8803,-32.3786,12.06462,-178.7269,3.218224,,,,,,,,,,,,,,
1,2,full,10,5,0.04689303,0.005262443,-0.9988863,0.005017628,-0.1580758,-0.9874142,179.6982,177.3122,83.59692,189.0953,179.7088,178.1819,9.397186,-2.396637,94.58501,0.9936348,0.1121084,0.01104057,0.9722506,-0.1836122,-0.1449667,84.37557,89.3634,83.56274,231.708,98.48057,100.6945,147.3324,-9.117172,17.13177,-95.32258,87.94881,-0.03417969,42.61263,81.22828,-77.48741,137.9352,6.720535,-77.45323,3.587026,,,,,,,,,,,,,,
1,2,full,11,8,0.069631,0.1993142,-0.9774587,-0.004422361,-0.1630525,-0.9866074,168.4748,175.9253,19.25702,189.3842,180.2568,181.5536,20.90941,-4.331497,162.2966,0.2807669,0.3133909,-0.9071695,0.2037841,0.002452074,-0.9790128,160.942,162.8028,41.85717,179.8565,168.2416,89.31062,18.91447,-5.438812,47.45345,-7.532776,13.1225,22.60015,-9.52771,12.01518,-92.243,-1.994934,1.107315,-114.8432,3.15578,,,,,,,,,,,,,,
1,2,full,12,6,0.01761113,-0.06654689,-0.9976279,0.008538028,-0.155021,-0.9878743,183.8163,178.9887,165.1769,188.9183,179.5048,176.8475,5.102066,-0.5161591,11.67062,0.2266286,-0.7115349,-0.6650999,0.3173921,-0.9164258,-0.2437747,226.9319,161.1838,162.333,255.1039,127.5263,160.8971,28.17206,33.65752,-1.435852,43.11562,17.80489,-2.843918,66.18561,51.97856,-15.95039,23.06999,-34.17368,-13.10648,3.408612,,,,,,,,,,,,,,
1,2,full,13,3,0.03422625,0.08478921,-0.9958109,0.01189484,-0.1646052,-0.9862878,175.1332,178.0315,21.9821,189.475,179.309,175.8668,14.34174,-1.277527,153.8847,0.3010816,-0.6031508,0.7386196,-0.1462467,-0.9303053,0.3363688,320.7652,22.17716,153.4725,289.8784,336.5015,188.9339,-30.88684,-314.3244,35.46146,145.632,155.8544,131.4904,100.4034,-157.1925,13.06712,-45.22858,313.0468,-118.4233,3.873346,,,,,,,,,,,,,,
1,2,full,14,4,0.05748664,0.200775,-0.9779493,0.00331499,-0.1666474,-0.986011,168.3983,176.6359,15.97767,189.593,179.8074,178.8604,21.19473,-3.171509,162.8827,0.5025109,0.3966505,0.768213,0.5052376,0.715391,0.4826497,27.30861,33.18989,51.71466,55.99382,46.30983,35.23126,28.68521,-13.11994,-16.4834,-141.0896,143.446,35.73699,-133.5992,133.4975,-143.6292,7.490479,9.948425,-179.3661,3.307166,,,,,,,,,,,,,,
1,2,full,15,7,0.08805069,0.1468531,-0.9852316,-0.01802373,-0.1609579,-0.9867967,171.5222,174.893,30.94621,189.264,181.0464,186.3892,17.74178,-6.153351,155.443,0.5117615,0.4368845,-0.7397515,0.3984974,0.4522606,-0.7979099,149.4346,145.3244,49.51302,150.4552,153.4612,41.38403,1.020523,-8.136795,-8.12899,-22.0876,29.56857,18.56682,-38.80885,27.58513,-145.0052,-16.72125,1.983444,-163.572,2.888906,,,,,,,,,,,,,,
1,2,full,16,2,0.01787296,-0.0122164,-0.9997659,-0.002164549,-0.1588376,-0.9873024,180.7001,178.9758,124.3531,189.1395,180.1256,180.7807,8.439377,-1.149796,56.42761,-0.6014833,0.1018176,0.7923705,-0.895207,-0.1954649,0.400497,7.322237,322.7981,279.6078,333.985,294.1028,257.683,326.6628,28.69534,-21.9248,-173.3778,-143.8223,155.2547,144.8456,-113.9771,76.90225,318.2234,-29.84514,-78.35242,4.196089,,,,,,,,,,,,,,
1,2,full,17,0,0.05314934,0.1951536,-0.9793318,-0.01164589,-0.1687202,-0.9855952,168.7302,176.8936,15.23479,189.7141,180.677,183.9486,20.98392,-3.783417,168.7138,-0.1016413,-0.4186717,-0.9024318,-0.16831,-0.3786213,-0.9101196,204.8883,186.4262,193.6458,202.5879,190.4774,203.9668,-2.300415,-4.05127,10.32101,36.15817,-9.532608,178.411,12.87384,-9.800461,20.0182,-23.28433,0.2678528,-158.3928,4.008094,,,,,,,,,,,,,,
1,2,full,18,8,0.02070783,0.04437613,-0.9988003,-3.07E-05,-0.1597997,-0.9871495,177.4561,178.8123,25.0158,189.1953,180.0018,180.011,11.73921,-1.189514,154.9952,0.5491482,0.2625201,-0.7934226,0.198844,0.003196923,-0.9800259,161.6922,145.3119,64.44988,179.8131,168.5306,89.0789,18.12096,-23.21869,24.62902,-15.7639,33.50038,39.43408,-9.382156,11.47121,-90.9321,6.381744,22.02917,-130.3662,3.209851,,,,,,,,,,,,,,
1,2,full,19,5,0.009847141,-0.03588944,-0.9993075,-0.001611653,-0.1554682,-0.9878396,182.0569,179.4354,164.6571,188.944,180.0935,180.5939,6.8871,-0.6580505,15.93686,0.9962368,0.008109869,0.08629265,0.975427,-0.1748607,-0.1340374,5.368945,85.04948,89.5336,232.5285,97.82424,100.1632,227.1595,-12.77477,10.62962,-176.6879,94.38595,-75.12347,43.58452,82.26923,-80.43071,220.2724,12.11671,-5.307236,4.142395,,,,,,,,,,,,,,
1,2,full,20,6,0.07634336,0.1088779,-0.9911195,-0.008649516,-0.1622846,-0.9867061,173.731,175.5954,35.03748,189.3399,180.5022,183.0509,15.60887,-4.906891,148.0134,0.2708941,-0.7112288,-0.6486682,0.3115953,-0.9189575,-0.2417134,227.634,157.3338,159.1491,255.2633,127.8018,161.2695,27.62932,29.53206,2.120422,53.90297,18.26154,124.1116,65.92342,52.70049,-21.78139,12.02045,-34.43895,-145.893,3.186898,,,,,,,,,,,,,,
1,2,full,21,0,0.04862274,0.151368,-0.9872811,-0.006148612,-0.16822,-0.9857303,171.2834,177.1805,17.80816,189.6845,180.3574,182.0933,18.40112,-3.17688,164.2851,-0.1030854,-0.2905214,-0.9512995,-0.1706221,-0.3857693,-0.9066809,196.9824,186.1846,199.5361,203.0485,190.6575,203.8593,6.066116,-4.472885,4.323196,25.69897,-9.004074,181.728,13.36397,-10.30008,21.76607,-12.33501,1.296005,-159.9619,3.364682,,,,,,,,,,,,,,
1,2,full,22,4,0.02265598,0.08601838,-0.9960359,-0.000569326,-0.1650443,-0.986286,175.0641,178.697,14.75575,189.4998,180.0331,180.1976,14.43565,-1.33609,165.4419,0.6203331,0.4456598,0.6454256,0.4790759,0.6789465,0.5563432,34.62468,43.86432,54.30577,50.66808,40.73227,35.20743,16.0434,3.13205,-19.09835,-140.4395,134.8327,39.55002,-138.8317,139.3008,-144.9902,1.607742,-4.46814,-184.5402,3.843069,,,,,,,,,,,,,,
1,2,full,23,2,0.03865806,0.1469753,-0.9883845,0.01074152,-0.1695838,-0.9854572,171.5419,177.7602,14.7364,189.7642,179.3755,176.3757,18.22224,-1.615326,161.6393,-0.611818,0.03344341,0.7902912,-0.8773759,-0.1920419,0.4396945,2.423187,322.2541,273.1288,336.4061,296.6176,257.6537,333.9829,25.63651,-15.47513,-169.1188,-144.494,258.3924,146.6419,-117.2421,81.27798,315.7607,-27.25183,-177.1144,4.264152,,,,,,,,,,,,,,
1,2,full,24,3,-0.01887462,0.1026531,-0.9945382,-0.006410358,-0.1713637,-0.985187,174.107,181.0872,349.5815,189.8673,180.3728,182.1423,15.76033,0.7144318,-167.4392,0.3268166,-0.6155422,0.7171462,-0.1140265,-0.9313524,0.3458043,319.3598,24.49962,152.0343,290.3696,341.7504,186.9801,-28.9902,-317.2508,34.94572,145.2528,156.5876,-197.5472,100.5023,-161.3776,4.837753,-44.75053,317.9652,202.3849,3.865839,,,,,,,,,,,,,,
1,2,full,25,7,-0.009288587,0.274567,-0.9615233,0.01395886,-0.1733848,-0.9847552,164.0631,180.5535,358.0624,189.9857,179.1879,175.3972,25.92258,1.36557,-182.6653,0.5508483,0.3536763,-0.7559627,0.4040933,0.4548011,-0.79364,154.9275,143.9203,57.2972,150.1848,153.0164,41.62127,-4.742676,-9.096176,-15.67593,-9.135574,36.63321,-300.7652,-39.80083,26.17146,-133.7759,-30.66525,10.46175,166.9893,3.721521,,,,,,,,,,,,,,
1,2,full,26,1,0.05617347,0.01986043,-0.9982237,0.01218191,-0.1607226,-0.9869245,178.8602,176.7792,70.52868,189.2495,179.2928,175.6656,10.38931,-2.513657,105.1369,-0.06338751,0.5485289,-0.8337256,-0.2765653,0.7412016,-0.6116632,146.6581,184.3478,353.4082,129.5305,204.3302,339.5379,-17.12755,-19.98244,-13.8703,-32.20213,-7.568634,282.8795,-59.71899,-25.03741,163.8723,-27.51686,17.46878,-119.0072,3.587618,,,,,,,,,,,,,,
2,3,full,0,3,0.04916009,-0.1361087,-0.9894735,-0.02641327,-0.2003985,-0.9793584,187.8323,177.1557,160.1412,191.5643,181.5449,187.5085,3.732086,-4.389175,27.36736,0.0993108,-0.6789579,0.7274293,-0.08664972,-0.9682667,0.2344173,316.9739,7.774127,171.6784,283.6094,339.7137,185.1137,-33.3645,-331.9396,13.43535,129.1417,169.3816,11.53723,92.04509,-158.1689,-2.394775,-37.09659,327.5504,-13.93201,5.57514,,,,,,,,,,,,,,
2,3,full,1,5,-0.02300205,-0.06696159,-0.9974904,-0.0329971,-0.1948893,-0.9802701,183.8405,181.321,198.9582,191.2444,181.9279,189.6097,7.403946,-0.6069183,-9.348434,0.9851797,-0.03852458,0.1671437,0.9160799,-0.2497875,-0.3136939,347.0207,80.371,92.23936,218.5295,108.9028,105.2521,-128.4912,-28.53178,13.0127,163.1802,100.95,-106.7188,27.28508,73.02514,-84.35767,-135.8951,27.92486,22.36113,4.21917,,,,,,,,,,,,,,
2,3,full,2,4,0.02220014,0.05191153,-0.9984049,0.002194803,-0.2040112,-0.9789661,177.0236,178.7262,23.15413,191.7717,179.8716,179.3836,14.74803,-1.14534,156.2295,0.3622984,0.5780948,0.7311267,0.5975008,0.6979492,0.3947908,38.33308,26.36,32.07583,60.50559,56.5458,40.5662,22.17251,-30.1858,8.490368,-138.6906,152.3662,8.921694,-131.2661,123.3258,-138.8174,7.424484,29.04045,-147.7391,5.320292,,,,,,,,,,,,,,
2,3,full,3,0,0.0069467,-0.1164093,-0.9931771,-0.03692936,-0.1902748,-0.981036,186.6851,179.5993,176.5849,190.9764,182.1558,190.9837,4.291306,-2.556519,14.39871,-0.6132495,-0.4769984,-0.6296014,-0.1065114,-0.3869699,-0.9159201,217.1483,224.2462,232.1235,202.9037,186.6331,195.3893,-14.24457,37.61314,-36.73418,30.4632,-44.64696,55.53851,11.92732,-4.477295,4.405624,-18.53587,-40.16966,-51.13289,8.095783,,,,,,,,,,,,,,
2,3,full,4,2,0.01376889,-0.04597561,-0.9988479,0.03572653,-0.1960252,-0.9799478,182.6354,179.2103,163.328,191.3119,177.9121,169.6709,8.676559,1.298187,6.342972,-0.9337443,-0.06053206,0.3527857,-0.8861487,-0.3888813,0.2520156,350.2638,290.6975,266.2909,302.9454,285.8754,246.306,-47.31845,4.822052,-19.98486,167.6284,-111.4872,102.9629,111.6334,-107.9634,76.63506,-55.99501,-3.523865,-26.32784,4.620265,,,,,,,,,,,,,,
2,3,full,5,6,0.04256305,-0.05056242,-0.9978137,0.01782536,-0.1952428,-0.980593,182.9009,177.5574,139.9096,191.2607,178.9586,174.7834,8.359848,-1.401138,34.87387,0.5156102,-0.6503246,-0.5578747,0.299405,-0.9099853,-0.2868508,229.3757,137.2547,141.5909,252.5038,133.7732,161.7877,23.12814,3.481415,20.19681,46.47479,40.3028,1.681274,61.24309,45.18535,-12.99579,14.7683,-4.882553,-14.67706,4.963815,,,,,,,,,,,,,,
2,3,full,6,1,0.04396816,0.01846934,-0.9988624,0.05768342,-0.1936545,-0.9793725,178.9407,177.4796,67.21458,191.185,176.6293,163.4129,12.24428,0.850296,96.19832,-0.6630757,0.6775384,-0.3182334,-0.2200421,0.6731418,-0.706018,115.159,244.362,315.6181,136.3656,197.3105,341.898,21.20656,47.05151,26.27994,-63.78171,-66.88245,248.4035,-54.81943,-20.68123,178.4851,8.96228,-46.20122,-69.91838,4.918964,,,,,,,,,,,,,,
2,3,full,7,8,0.01109684,-0.1582353,-0.9873393,0.02191633,-0.1933496,-0.9808851,189.105,179.3561,175.9885,191.151,178.72,173.5331,2.046005,0.6360321,-2.455399,0.2177661,0.279938,-0.9349935,0.2155663,-0.02634747,-0.9761336,163.3322,166.8892,37.87965,181.5461,167.5468,96.96838,18.21388,-0.6576691,59.08874,-25.7728,12.46689,-138.1088,-9.604919,11.17319,-76.5647,16.16788,1.293701,61.54413,4.788711,,,,,,,,,,,,,,
2,3,full,9,3,0.02337227,-0.04679241,-0.9986313,0.03648351,-0.1910121,-0.9809095,182.6827,178.6593,153.4584,191.0193,177.8699,169.1867,8.336578,0.7893372,15.72829,-0.03897415,-0.757768,0.6513591,-0.008870438,-0.9843863,0.1757981,310.6815,356.5758,182.9443,280.1255,357.1114,180.5163,-30.55606,-0.5356445,-2.428009,127.9988,-177.9165,29.48589,89.1062,-179.2415,11.32959,-38.89264,1.324982,-18.1563,4.644678,,,,,,,,,,,,,,
2,3,full,10,0,0.03052571,0.1080149,-0.9936807,0.04935635,-0.1966313,-0.9792344,173.7962,178.2404,15.78064,191.354,177.1146,165.9093,17.55785,1.125885,150.1287,-0.5266113,-0.4715446,-0.7073374,-0.09365123,-0.3859683,-0.9177461,213.6893,216.6676,228.1577,202.8097,185.8266,193.6387,-10.87958,30.84105,-34.51906,39.8931,-38.42717,212.3771,11.45567,-8.712006,27.72932,-28.43742,-29.71516,-184.6478,10.70965,,,,,,,,,,,,,,
2,3,full,11,4,0.04465001,0.04193377,-0.9981224,0.01726466,-0.1993612,-0.979774,177.5943,177.4386,46.79685,191.5013,178.9905,175.0505,13.90706,-1.551849,128.2537,0.301144,0.6462403,0.7012032,0.6072045,0.6785036,0.4134437,42.66417,23.24195,24.98523,58.64412,55.74917,41.82591,15.97994,-32.50722,16.84068,-134.9301,154.1967,-21.81162,-132.8572,123.2413,-133.2246,2.072891,30.95537,-111.413,5.575253,,,,,,,,,,,,,,
2,3,full,12,8,0.0793958,0.001573273,-0.9968421,0.03446081,-0.1935134,-0.9804922,179.9096,175.4462,88.8648,191.1646,177.9871,169.9026,11.25504,-2.540924,81.03783,0.564774,0.3789489,-0.7330949,0.1895262,-0.02781382,-0.9814816,152.6648,142.3895,56.1394,181.6232,169.0706,98.34882,28.95844,-26.68112,42.20942,-27.24477,33.05669,-32.7254,-9.541367,8.916489,-71.55382,17.7034,24.1402,-38.82842,3.930075,,,,,,,,,,,,,,
2,3,full,13,6,0.02715171,-0.1017009,-0.9944445,0.01947604,-0.1937605,-0.9808555,185.8393,178.436,165.052,191.1745,178.8625,174.2601,5.33519,-0.4264526,9.208084,0.5290234,-0.5485489,-0.6474788,0.2877561,-0.919933,-0.2663073,220.2715,140.7494,136.0381,253.855,132.7831,162.6303,33.58351,7.966324,26.59218,34.43225,37.68661,-29.01396,62.68057,46.07939,-11.62987,28.24832,-8.392776,17.38409,7.253473,,,,,,,,,,,,,,
2,3,full,14,1,0.007512815,0.07004257,-0.9975158,0.03244291,-0.1969951,-0.9798675,175.9835,179.5685,6.122178,191.3674,178.1037,170.648,15.3839,1.464844,164.5258,-0.4782336,0.7311158,-0.4865824,-0.2599236,0.6723346,-0.6931131,123.6451,224.5042,326.8107,135.8718,200.5565,338.8636,12.22673,23.94771,12.05283,-52.33835,-44.93571,320.6885,-55.49551,-22.45285,168.2156,-3.157166,-22.48286,-152.473,3.831205,,,,,,,,,,,,,,
2,3,full,15,7,-0.006518988,-0.2136591,-0.9768867,0.000351324,-0.1817661,-0.9833417,192.3371,180.3823,181.7476,190.4726,179.9795,179.8893,-1.864487,0.4028168,-1.858353,0.3990274,0.3871158,-0.8312151,0.3891513,0.4043876,-0.8276666,155.0275,154.3565,45.86808,153.9604,154.8181,43.90003,-1.067093,-0.4615631,-1.968048,-37.30959,26.02582,-135.8795,-36.51219,25.16144,-135.9892,0.7973938,0.8643799,-0.1096954,5.642581,,,,,,,,,,,,,,
2,3,full,16,5,-0.04039662,-0.1703217,-0.9845601,0.008430526,-0.1930385,-0.9811549,189.8146,182.3495,193.3428,191.1306,179.5077,177.4993,1.315964,2.841827,-15.84344,0.9998342,-0.006363844,-0.01706477,0.9117861,-0.243708,-0.3305336,200.4516,90.97781,90.36468,216.402,109.9262,104.9646,15.95033,-18.94839,14.59988,10.63704,91.37173,-102.9781,25.27141,69.5815,-72.53477,14.63437,21.79022,30.44333,3.444429,,,,,,,,,,,,,,
2,3,full,17,2,0.05591134,0.04483112,-0.9974288,0.01150008,-0.2018149,-0.9793562,177.4265,176.7916,51.27649,191.6439,179.3272,176.7386,14.21742,-2.535614,125.4621,-0.7223732,-0.01306454,-0.69138,-0.8471901,-0.3234836,0.4214586,181.0826,226.2559,268.9639,322.4926,296.4493,249.1016,141.41,-70.19347,-19.86227,3.656082,-49.46425,217.6874,130.8487,-117.1221,72.36296,127.1926,67.65785,-145.3244,7.082859,,,,,,,,,,,,,,
2,3,full,18,8,0.05172181,0.001519586,-0.9986606,0.01439424,-0.2014961,-0.9793835,179.9128,177.0352,88.31713,191.6257,179.158,175.9139,11.71288,-2.122726,87.59678,0.5283307,0.4404113,-0.725882,0.1833362,-0.02903501,-0.9826214,148.7537,143.9511,50.18574,181.6925,169.4314,98.99921,32.93878,-25.48022,48.81347,-31.15907,33.08412,-38.13139,-9.933167,9.726624,-76.9147,21.22591,23.3575,-38.78331,3.754105,,,,,,,,,,,,,,
2,3,full,19,1,0.06812678,0.002826644,-0.9976727,-0.005039359,-0.1956882,-0.9806533,179.8377,176.0936,87.62411,191.2851,180.2944,181.4751,11.4474,-4.200851,93.85104,-0.536364,0.7459053,-0.3948911,-0.2513879,0.6771299,-0.6915919,117.8973,233.6381,324.2809,135.6054,199.9758,339.6323,17.70808,33.66232,15.35138,-61.94038,-57.54453,236.6568,-55.6797,-19.68135,158.1572,6.260681,-37.86317,-78.49965,4.929753,,,,,,,,,,,,,,
2,3,full,20,2,0.01800805,-0.05516104,-0.9983152,0.01870464,-0.1963133,-0.9803628,183.1626,178.9666,161.92,191.3235,178.907,174.5573,8.160843,0.05961609,12.63727,-0.9450502,0.1204122,0.3039426,-0.8672262,-0.3777598,0.3243706,21.61186,287.8286,277.2611,310.6517,290.5074,246.4623,289.0398,-2.678833,-30.79886,-161.5508,-108.862,115.3411,119.3282,-111.6004,71.90497,280.879,2.738449,-43.43613,3.998459,,,,,,,,,,,,,,
2,3,full,21,0,-0.03508044,-0.1751138,-0.9839231,-0.02876169,-0.1909067,-0.9811867,190.0916,182.0419,191.3281,191.0103,181.679,188.5676,0.9187622,0.3628845,-2.760437,-0.5877038,-0.4623386,-0.6639634,-0.1422032,-0.3870187,-0.9110405,214.8507,221.5135,231.8083,203.0162,188.8716,200.175,-11.83447,32.64185,-31.63339,24.75916,-39.47154,40.48027,12.00592,-7.192581,11.60732,-12.75323,-32.27896,-28.87296,6.975895,,,,,,,,,,,,,,
2,3,full,22,5,-0.02091108,0.04036521,-0.9989663,-0.03096871,-0.2078898,-0.9776618,177.6861,181.1992,332.6137,192.0046,181.8143,188.4729,14.31845,-0.6151276,-144.1408,0.9966063,0.04547154,0.06861717,0.9206936,-0.2739867,-0.2779471,33.53182,86.06136,87.38761,224.5889,106.7985,106.5723,191.0571,-20.73712,19.18472,-144.1543,95.13783,-245.2261,32.58432,75.01584,-81.90054,176.7386,20.12199,163.3256,4.874819,,,,,,,,,,,,,,
2,3,full,23,3,-0.1193625,-0.04594491,-0.9917873,-0.05614233,-0.2101484,-0.9760562,182.6523,186.8626,248.9473,192.1505,183.292,194.9576,9.498154,3.570587,-53.98975,0.1046664,-0.7549131,0.6474189,-0.1523474,-0.9490559,0.2758321,310.6166,9.183396,172.1064,286.2059,331.0873,189.1196,-24.41074,-321.9039,17.01317,127.9643,177.6792,-76.84088,94.0554,-147.7953,-5.837967,-33.90889,325.4745,71.00291,5.552418,,,,,,,,,,,,,,
2,3,full,24,6,-0.03759756,-0.1233127,-0.9916555,-0.06569806,-0.1969501,-0.9782098,187.0884,182.1713,196.9563,191.3836,183.8423,198.4475,4.295212,-1.671036,1.491257,0.4612692,-0.5706839,-0.6793752,0.2573393,-0.9272703,-0.2719304,220.0307,145.825,141.0523,253.6557,136.5792,164.4894,33.62505,9.245865,23.43712,32.94234,36.34624,-55.90396,62.27217,47.26314,-33.9581,29.32983,-10.9169,21.94586,8.628203,,,,,,,,,,,,,,
2,3,full,25,7,-0.08010387,0.0501721,-0.9955232,-0.07383404,-0.1994264,-0.9771273,177.1149,184.6003,302.0605,191.5353,184.3212,200.3162,14.42047,0.2791443,-101.7443,0.4720387,0.398419,-0.786411,0.341478,0.423553,-0.8390445,153.1319,149.026,49.83433,153.2152,157.8544,38.87654,0.08329773,-8.828491,-10.95779,-23.98299,35.57439,-252.2262,-38.32016,26.46675,-161.4396,-14.33717,9.107635,90.78651,6.387509,,,,,,,,,,,,,,
2,3,full,26,4,-0.08185116,-0.05878627,-0.9949093,-0.06543595,-0.1962715,-0.9783637,183.3815,184.7031,234.3137,191.3436,183.8264,198.4381,7.962128,0.876709,-35.87561,0.4303659,0.6066097,0.6684384,0.4684787,0.7400185,0.4825974,42.22383,32.77496,35.35421,56.88992,44.14951,32.33641,14.66609,-11.37455,-3.017803,-141.1577,151.9282,-198.9595,-134.4537,139.6769,-166.1017,6.703964,12.25125,32.85782,5.154116,,,,,,,,,,,,,,
2,3,full,27,7,-0.01715973,-0.02645242,-0.9995029,-0.03257481,-0.2056696,-0.9780791,181.516,180.9836,212.9715,191.8751,181.9075,189,10.35909,-0.9239655,-23.97156,0.7072012,0.4125526,-0.5741661,0.3361952,0.4199616,-0.8429739,144.3018,129.0726,59.74244,153.518,158.2569,38.6786,9.216141,-29.18425,-21.06384,-37.21419,51.91093,-153.2291,-38.35713,23.65065,-150.3214,-1.142944,28.26028,2.907715,6.741455,,,,,,,,,,,,,,
3,4,full,0,4,-0.04512891,-0.06873775,-0.9966135,-0.05400083,-0.06727034,-0.9962723,183.9455,182.5927,213.2864,183.8629,183.1026,218.7555,-0.08267212,-0.5098419,5.469116,0.7993962,0.4197055,0.4298991,0.4356382,0.7861533,0.4383861,44.3126,61.72954,62.29926,60.85446,44.81987,28.99255,16.54186,16.90967,-33.30672,-139.6329,120.8632,-150.9872,-123.0084,138.2827,-189.763,16.62454,-17.41951,-38.77582,4.009624,,,,,,,,,,,,,,
3,4,full,1,8,-0.02764332,-0.1283031,-0.9913499,-0.06371518,-0.06417292,-0.9959027,187.3744,181.5972,192.1587,183.6869,183.6606,224.7949,-3.687515,-2.063385,32.63622,0.348024,0.3828783,-0.8557358,0.1708108,0.04187739,-0.9844135,155.895,157.8687,42.26982,177.5641,170.1563,76.2246,21.66907,-12.28766,33.95478,-31.47935,23.72859,-149.8889,-6.122772,13.50432,-148.5703,25.35658,10.22427,1.318573,3.053777,,,,,,,,,,,,,,
3,4,full,2,1,-0.03524422,-0.1120407,-0.9930786,-0.05713835,-0.06498936,-0.9962488,186.437,182.0326,197.4618,183.7323,183.2825,221.3218,-2.704636,-1.249954,23.85997,-0.2238584,0.5941508,-0.7725751,-0.3008383,0.7438955,-0.5967544,142.4378,196.1593,339.3551,128.7367,206.7538,337.9811,-13.70116,-10.5945,-1.373932,-43.99916,-14.12671,141.8932,-54.99568,-23.47125,116.6593,-10.99652,9.344543,-25.2339,2.942446,,,,,,,,,,,,,,
3,4,full,3,5,-0.06707254,-0.07718317,-0.9947584,-0.05506302,-0.064074,-0.9964249,184.4367,183.8574,220.9908,183.6793,183.163,220.6746,-0.7574005,0.694397,-0.3161621,0.9877871,-0.09421538,-0.1240966,0.9708624,-0.05974817,-0.2320698,217.2061,97.16061,95.4484,194.4377,103.4434,93.52161,-22.76845,-6.282822,-1.926788,32.76945,86.69677,-125.5424,10.75841,79.71955,-127.153,-22.01105,6.977219,-1.610626,2.88727,,,,,,,,,,,,,,
3,4,full,4,7,-0.05477698,-0.1297141,-0.9900372,-0.0655681,-0.06407412,-0.9957888,187.4643,183.1668,202.8939,183.6816,183.7672,225.6602,-3.782715,-0.6003876,22.76639,0.6941313,0.4512292,-0.560869,0.3606336,0.4843115,-0.7971109,141.1827,128.9388,56.97359,148.7178,155.6568,36.67253,7.53511,-26.71802,-20.30106,-46.28163,54.22809,-145.9203,-34.96381,28.11046,-188.9877,11.31783,26.11763,-43.06744,3.220317,,,,,,,,,,,,,,
3,4,full,5,0,-0.0628739,-0.07198057,-0.9954224,-0.05446616,-0.0643429,-0.9964404,184.1359,183.6142,221.1367,183.6946,183.1287,220.2478,-0.4413147,0.4854584,-0.888855,-0.06853936,-0.3729503,-0.9253166,-0.1945723,-0.3437885,-0.9186681,201.952,184.2362,190.4134,200.5171,191.9584,209.5083,-1.434875,-7.722198,19.09494,17.81604,-0.6220551,-30.72331,16.82248,-8.829712,-10.73952,-0.9935608,8.207657,19.9838,3.30901,,,,,,,,,,,,,,
3,4,full,6,3,-0.06413931,-0.07556265,-0.9950764,-0.05989402,-0.06475065,-0.9961025,184.3425,183.688,220.3254,183.7192,183.441,222.7687,-0.6232758,0.2470245,2.443314,0.5551401,-0.8038449,0.2136656,-0.2462267,-0.9086956,0.3371123,284.8853,68.94898,145.3708,290.3541,323.8556,195.1612,5.468811,-254.9066,49.79041,100.5428,114.739,-74.95456,106.6349,-140.4147,-27.60747,6.092087,255.1537,47.34709,3.152907,,,,,,,,,,,,,,
3,4,full,7,2,-0.05225297,-0.07499152,-0.9958143,-0.07407109,-0.06626703,-0.9950488,184.3066,183.0037,214.8682,183.8101,184.2572,228.1829,-0.4965363,-1.25351,13.31467,-0.8220579,-0.03440966,0.5683633,-0.9222512,-0.02114695,0.3860123,356.5355,304.6596,267.6031,356.8643,292.712,268.6865,0.3288269,11.94766,1.083344,172.2288,-121.6559,52.73491,173.0542,-108.4548,40.50359,0.8253632,-13.20117,-12.23132,3.455683,,,,,,,,,,,,,,
3,4,full,8,6,-0.07854762,-0.07367539,-0.9941844,-0.05164259,-0.06737228,-0.9963905,184.2382,184.5174,226.8333,183.8682,182.967,217.4711,-0.3699951,1.550415,-9.362152,0.477539,-0.701892,-0.5284927,0.292335,-0.9152068,-0.2773748,233.0219,137.8995,145.7702,253.1393,133.4958,162.2855,20.11743,4.403656,16.51529,48.78368,46.61792,-81.06303,69.2711,49.47116,-55.18559,20.48743,-2.853241,25.87744,3.131745,,,,,,,,,,,,,,
3,4,full,9,6,-0.04967456,-0.04478165,-0.9977611,-0.05628758,-0.06715559,-0.9961535,182.5698,182.8502,227.9653,183.8568,183.234,219.9686,1.286926,-0.3838654,-7.996689,0.5438973,0.3376544,-0.7682223,0.3622189,0.4860193,-0.7953508,156.2732,144.7017,58.16776,148.5719,155.5145,36.69631,-7.701279,-10.81281,-21.47145,-26.29662,38.14847,-169.7975,-35.28482,27.71953,-183.2723,-8.988205,10.42894,-13.47478,3.540314,,,,,,,,,,,,,,
3,4,full,10,5,-0.06343295,-0.07629748,-0.9950655,-0.05496638,-0.0637238,-0.9964527,184.3846,183.6475,219.7398,183.6591,183.1574,220.7801,-0.7254944,0.4901733,1.040344,0.9823158,-0.1323675,-0.1324184,0.9698318,-0.05719824,-0.2369695,224.989,97.67733,97.67441,193.5701,103.7307,93.37525,-31.41884,-6.053337,-4.299156,40.60435,85.97021,-122.0654,9.911011,79.4267,-127.4049,-30.69334,6.54351,-5.3395,3.131712,,,,,,,,,,,,,,
3,4,full,11,8,-0.05307556,-0.1064095,-0.992905,-0.06559677,-0.0641682,-0.9957809,186.117,183.0598,206.5094,183.687,183.7689,225.6307,-2.429993,-0.7090759,19.12135,0.03044863,0.2939884,-0.9553241,0.1735423,0.04423369,-0.9838325,162.8949,178.1745,5.91309,177.4257,169.9963,75.70052,14.53073,8.178207,69.78743,-23.22209,4.885345,-200.5963,-6.261368,13.77263,-149.9302,16.96072,-8.887283,50.66609,2.698447,,,,,,,,,,,,,,
3,4,full,12,1,-0.0725771,-0.1347143,-0.9882231,-0.05480761,-0.06309684,-0.9965013,187.7627,184.2004,208.3135,183.623,183.1481,220.9785,-4.139648,1.052261,12.66496,-0.3267592,0.616762,-0.7161239,-0.298274,0.7454254,-0.5961321,139.2633,204.5267,332.0854,128.65,206.581,338.1917,-10.61327,-2.054367,6.106262,-48.49939,-20.32631,123.772,-54.97301,-23.43294,117.2133,-6.473618,3.106628,-6.558701,3.031824,,,,,,,,,,,,,,
3,4,full,13,4,-0.06421237,-0.0950111,-0.9934031,-0.05528687,-0.06197032,-0.9965456,185.4633,183.6984,214.0524,183.5584,183.1754,221.7378,-1.904907,0.5229492,7.685349,0.3809667,0.01984137,-0.924376,0.4226842,0.762368,0.4900339,178.7704,157.6018,87.01864,57.26796,40.77978,29.00556,-121.5024,116.822,-58.01308,-6.692917,26.0966,-127.0338,-126.2904,142.3956,-192.7322,-119.5975,-116.299,-65.69843,4.17381,,,,,,,,,,,,,,
3,4,full,14,6,-0.04842586,-0.1170145,-0.991949,-0.0612085,-0.06234391,-0.9961761,186.7278,182.7949,202.482,183.5811,183.516,224.4735,-3.146667,-0.7211304,21.99152,0.4369507,-0.6683576,-0.6019739,0.2902023,-0.9149526,-0.2804364,227.9914,144.0255,146.8246,252.9595,134.0195,162.4021,24.96811,10.00594,15.57751,41.26364,38.76941,-55.65733,69.37842,49.49648,-62.07133,28.11478,-10.72707,-6.414001,3.286101,,,,,,,,,,,,,,
3,4,full,15,2,-0.05943096,-0.08354955,-0.9947298,-0.05872421,-0.06541143,-0.9961289,184.8011,183.4191,215.4252,183.757,183.3738,221.9164,-1.044144,0.04528809,6.491211,-0.8196812,-0.06370117,0.569267,-0.9317948,-0.02212737,0.3623105,353.6151,304.7799,265.5562,356.5051,291.2476,268.6396,2.889984,13.53229,3.083435,168.814,-121.3608,50.13098,172.7482,-107.8738,46.72321,3.934128,-13.487,-3.407776,2.86528,,,,,,,,,,,,,,
3,4,full,16,3,-0.05980279,-0.08985905,-0.9941576,-0.05508502,-0.06668139,-0.9962526,185.1648,183.4424,213.6445,183.8292,183.1648,219.5599,-1.335556,0.2776337,5.91539,0.6242115,-0.7579148,0.1895398,-0.2404306,-0.9090584,0.3403028,284.0406,73.10926,140.5255,290.5232,324.7581,194.8145,6.482635,-251.6488,54.28909,98.87582,110.3332,-73.11902,106.694,-141.5933,-24.74532,7.818192,251.9264,48.3737,3.16318,,,,,,,,,,,,,,
3,4,full,17,0,-0.1082714,-0.1310546,-0.985445,-0.06959725,-0.06551248,-0.9954216,187.5753,186.27,219.562,183.7654,183.9995,226.7317,-3.809906,2.270508,7.169724,-0.3129602,-0.3532783,-0.8816181,-0.1898007,-0.3450982,-0.9191751,201.8367,199.544,221.5369,200.5783,191.667,208.8104,-1.258438,7.876999,-12.72652,14.26141,-13.27406,1.97493,16.81288,-7.667572,-17.92131,2.551468,-5.606491,-19.89624,4.540889,,,,,,,,,,,,,,
3,4,full,18,4,-0.0602206,-0.1450114,-0.9875958,-0.05335143,-0.06540781,-0.9964314,188.3532,183.4894,202.5522,183.7556,183.0648,219.2032,-4.59758,0.4245605,16.65099,0.8392999,0.4382613,0.3217189,0.4205674,0.7903113,0.4455682,53.71835,69.02727,62.42757,60.58621,43.34663,28.01986,6.867863,25.68064,-34.40771,-134.6349,114.4621,-140.1247,-123.1694,139.7182,-191.1833,11.46544,-25.25607,-51.05869,3.497987,,,,,,,,,,,,,,
3,4,full,19,3,-0.03253284,-0.08474051,-0.9958721,-0.05956544,-0.06579175,-0.9960539,184.8637,181.871,201.0024,183.779,183.4223,222.1565,-1.084656,-1.551239,21.15417,0.5718081,-0.7783802,0.2591525,-0.2376307,-0.9072787,0.3469541,288.4146,65.61921,143.6985,290.9274,325.5925,194.677,2.512848,-259.9733,50.97847,103.5509,116.2518,-57.30385,107.1484,-142.1702,-27.47955,3.597504,258.4221,29.8243,2.855027,,,,,,,,,,,,,,
3,4,full,20,0,-0.0919448,-0.119116,-0.9886141,-0.06638766,-0.06592132,-0.9956139,186.8703,185.3134,217.6643,183.7881,183.8148,225.2019,-3.082199,1.498581,7.537643,-0.1107935,-0.4775427,-0.8715951,-0.1958763,-0.3399164,-0.9198312,208.7181,187.2444,193.062,200.2814,192.0215,209.9526,-8.436737,-4.777115,16.89066,21.84779,-1.930923,-24.60233,16.49326,-8.206619,-15.24931,-5.354538,6.275696,9.353012,3.25246,,,,,,,,,,,,,,
3,4,full,21,8,-0.05320809,-0.07262383,-0.9959391,-0.0503685,-0.06613771,-0.9965384,184.1706,183.0581,216.2285,183.797,182.8935,217.2918,-0.3736115,0.1646576,1.063324,0.1367481,0.3879956,-0.9114601,0.1736039,0.04192348,-0.9839228,156.9412,171.4675,19.41488,177.5602,169.9937,76.42361,20.61896,1.473755,57.00873,-27.22937,11.59067,-196.8136,-6.236801,12.89977,-140.8682,20.99257,-1.309097,55.94542,2.654578,,,,,,,,,,,,,,
3,4,full,22,5,-0.06080399,-0.09872053,-0.993256,-0.05775064,-0.06553895,-0.9961774,185.676,183.5031,211.6298,183.7641,183.3179,221.3854,-1.911942,0.1852264,9.755615,0.9945784,-0.09420978,-0.04402624,0.9682631,-0.06198636,-0.2421245,244.9523,92.53461,95.4111,194.3599,104.0395,93.66296,-50.59241,-11.5049,-1.748138,59.27628,90.96847,-116.2187,10.59581,79.27834,-127.7224,-48.68047,11.69012,-11.50375,2.765198,,,,,,,,,,,,,,
3,4,full,23,6,-0.06383477,-0.1149886,-0.9913136,-0.05412523,-0.06494436,-0.9964199,186.6165,183.6844,209.0364,183.7291,183.1092,219.8081,-2.88739,0.5751953,10.77173,0.4629198,-0.6981497,-0.5461615,0.2910278,-0.9143578,-0.2815184,231.964,139.7158,146.453,252.8871,134.0485,162.3444,20.92314,5.667328,15.89145,45.34746,43.96864,-62.58344,69.15799,49.06078,-57.46371,23.81053,-5.092133,5.11972,2.609322,,,,,,,,,,,,,,
3,4,full,24,7,0.0258106,-0.1067959,-0.9939461,-0.0630472,-0.0650262,-0.9958898,186.1327,178.5125,166.4132,183.7358,183.6224,224.1147,-2.396896,-5.109924,57.70152,0.3965654,0.3115515,-0.8635228,0.3611103,0.4877772,-0.7947784,160.161,155.3335,51.84595,148.4614,155.5652,36.51322,-11.69958,-0.2317047,-15.33274,-25.97169,23.17902,-114.5673,-35.27438,28.05724,-187.6015,-9.302689,-4.87822,-73.03426,3.231565,,,,,,,,,,,,,,
3,4,full,26,2,-0.0483096,-0.1000528,-0.9938088,-0.05755134,-0.06664917,-0.9961153,185.7489,182.783,205.7732,183.8279,183.3066,220.8105,-1.921021,-0.5236511,15.03734,-0.7543076,-0.1275112,0.6440195,-0.9466702,-0.01405934,0.3218971,348.8007,310.4903,260.4052,357.4991,288.7796,269.1491,8.698425,21.71069,8.743958,163.0518,-127.7074,54.63202,173.6712,-105.473,48.33864,10.61945,-22.23434,-6.293381,3.298067,,,,,,,,,,,,,,
3,4,full,27,1,-0.0603275,-0.1061516,-0.9925181,-0.05288365,-0.06531228,-0.9964625,186.1047,183.4783,209.6102,183.75,183.0379,218.9972,-2.35463,0.4403687,9.387039,-0.1865067,0.568419,-0.8013207,-0.2967953,0.7442663,-0.5983145,144.6499,193.1023,341.8346,128.7957,206.3838,338.2591,-15.85417,-13.28152,-3.57547,-41.45476,-9.623993,132.2244,-54.9543,-23.34589,119.2619,-13.49954,13.72189,-12.96251,3.074731,,,,,,,,,,,,,,
4,1,full,0,5,-0.1139739,0.008197542,-0.9934499,0.003165462,0.01823736,-0.9998287,179.5272,186.5447,274.1139,178.955,179.8186,9.846742,-0.5722198,6.726059,-264.2672,0.8871707,-0.01935699,-0.4610355,0.9881997,0.05135153,-0.1443066,182.4042,117.4595,91.24993,160.4119,98.30817,87.02532,-21.99232,19.15134,-4.224609,2.876968,69.08514,-182.864,-18.54314,81.51043,77.17858,-21.4201,-12.42529,260.0425,6.693522,,,,,,,,,,,,,,
4,1,full,1,1,-0.01977026,-0.07313,-0.9971265,-0.006756852,0.02097531,-0.9997572,184.1946,181.1359,195.1279,178.7981,180.3872,342.1445,-5.39653,0.748642,147.0166,-0.3809431,0.661624,-0.6458608,-0.2640908,0.784907,-0.560515,134.3093,210.5331,330.068,125.5313,205.2278,341.4039,-8.778008,5.305237,11.33594,-49.88535,-29.39719,134.94,-53.26682,-24.84059,-0.7406006,-3.381477,-4.556595,-135.6806,3.566054,,,,,,,,,,,,,,
4,1,full,2,3,0.1355285,0.04493478,-0.9897541,-0.008121014,0.01549984,-0.9998469,177.4006,172.2029,71.65694,179.1119,180.4654,332.3481,1.711304,-8.262466,260.6911,-0.786719,-0.5374336,0.3037079,-0.03219817,-0.8955153,0.4438646,299.4711,291.1088,235.6617,296.3654,355.851,182.0592,-3.105682,-64.74225,-53.60257,122.0706,-118.9059,164.0048,117.2536,-175.3857,-150.2889,-4.816986,56.47978,-314.2937,3.90822,,,,,,,,,,,,,,
4,1,full,3,4,-0.01259851,-0.1561357,-0.9876552,-0.005813445,0.02184779,-0.9997444,188.9834,180.7308,184.6132,178.7481,180.3332,345.0995,-10.23529,0.397644,160.4863,0.8652014,0.2576664,0.4301563,0.4070867,0.799623,0.441456,30.92188,63.5646,73.4159,61.09778,42.68056,26.98057,30.1759,20.88403,-46.43533,-158.0615,117.1662,-111.1973,-117.6503,137.6526,-318.119,40.41119,-20.4864,-206.9217,3.575959,,,,,,,,,,,,,,
4,1,full,4,0,-0.07197617,0.01698432,-0.997262,0.002305782,0.01695678,-0.9998536,179.0243,184.1281,283.2773,179.0284,179.8679,7.743584,0.004089355,4.260223,-275.5337,-0.575052,-0.1879936,-0.7962248,-0.1547069,-0.3244143,-0.9331779,193.2846,215.8377,251.8966,199.1697,189.4132,205.4956,5.885132,26.42453,-46.40103,14.2603,-31.70959,-31.38068,20.14134,-9.545288,197.752,5.881042,-22.16431,229.1327,3.61963,,,,,,,,,,,,,,
4,1,full,5,2,0.05739465,-0.04807109,-0.9971935,-0.009453686,0.01825553,-0.9997886,182.7599,176.7059,129.948,178.9539,180.5417,332.6225,-3.805954,-3.835831,202.6745,-0.7698135,-0.01067075,0.6381797,-0.8822592,0.1242165,0.4540803,359.0421,309.6589,269.2058,15.29932,297.2339,278.0142,-343.7428,12.42499,8.80838,176.2822,-132.953,139.2579,-163.6546,-116.6922,-54.60825,-339.9368,-16.26082,-193.8661,3.931082,,,,,,,,,,,,,,
4,1,full,6,8,-0.04566095,-0.0442903,-0.9979748,0.001365343,0.01722176,-0.9998508,182.5411,182.6197,225.873,179.0132,179.9218,4.532935,-3.527893,2.697906,-221.3401,0.373771,0.1389319,-0.917057,0.1766514,0.08736879,-0.9803882,171.3853,157.8253,69.60973,174.9075,169.7858,63.68378,3.522125,-11.9604,-5.925949,-11.15579,24.79431,-156.2632,-4.105774,10.136,59.15085,7.050018,14.65831,215.4141,2.688447,,,,,,,,,,,,,,
4,1,full,7,6,-0.06466982,0.01055155,-0.997851,-0.000507133,0.01624538,-0.9998679,179.3942,183.7081,279.2668,179.0692,180.0291,358.212,-0.3249969,3.679031,78.94522,0.4254389,-0.3986712,-0.8124427,0.3190094,-0.908168,-0.2710423,206.1375,152.361,133.1396,253.3823,130.3525,160.6453,47.2448,22.00856,27.50566,26.74333,31.34708,-146.1271,74.31313,49.67661,-197.5667,47.56979,-18.32953,-51.43956,4.741247,,,,,,,,,,,,,,
4,1,full,8,7,-0.01613534,-0.07394277,-0.9971321,0.01505259,0.0216256,-0.9996528,184.241,180.9271,192.3098,178.7607,179.1373,34.84001,-5.480316,1.789749,-157.4698,0.5812607,0.1398533,-0.8016091,0.3835472,0.5256071,-0.7593607,170.1035,144.0535,76.47158,145.3102,153.202,36.11906,-24.79329,-9.148544,-40.35252,-14.13757,36.87358,-115.8382,-33.45055,25.93529,1.279049,-19.31297,10.93829,117.1172,4.396663,,,,,,,,,,,,,,
4,1,full,9,8,-0.03518088,0.103104,-0.9940482,0.00449679,0.01214394,-0.9999161,174.0784,182.0269,341.1595,179.3042,179.7423,20.31914,5.2258,2.284607,-320.8403,0.5646607,0.07349624,-0.8220443,0.1839504,0.08968708,-0.9788353,174.891,145.5149,82.58407,174.7648,169.3567,64.00793,-0.1261444,-23.84177,-18.57614,0.8125763,36.51202,-258.5754,-4.539368,10.38565,43.68879,-5.351944,26.12637,302.2642,2.987835,,,,,,,,,,,,,,
4,1,full,10,4,0.01066326,0.04161585,-0.9990768,-0.000381042,0.01623352,-0.9998682,177.6148,179.3885,14.37174,179.0698,180.0218,358.6554,1.455078,-0.6333313,344.2836,0.9069992,0.2117523,0.3640243,0.4237195,0.8050185,0.4152193,30.1865,68.13194,76.85883,62.71584,45.58051,27.75996,32.52934,22.55143,-49.09887,-147.4283,111.2566,62.48709,-116.354,134.4413,-330.8954,31.07426,-23.18476,-393.3825,3.408553,,,,,,,,,,,,,,
4,1,full,11,7,-0.02447236,-0.02025481,-0.9994955,-0.004930409,0.01882293,-0.9998107,181.1609,181.4026,230.3868,178.9214,180.2825,345.3219,-2.239487,1.120041,114.9351,0.4539218,0.106932,-0.884602,0.3720689,0.5270911,-0.7640285,173.1074,152.836,76.74431,145.3988,154.0347,35.21793,-27.7086,-1.198746,-41.52638,-8.053497,28.56662,-153.6425,-33.52261,26.24783,-310.104,-25.46912,2.318787,-156.4615,3.576504,,,,,,,,,,,,,,
4,1,full,12,1,-0.06351417,0.08446714,-0.9944001,-0.006249038,0.01454279,-0.9998747,175.1448,183.6546,323.0591,179.1667,180.3581,336.7468,4.021927,3.296524,13.68774,-0.2514249,0.7091807,-0.6586719,-0.2614172,0.7807349,-0.567551,132.8853,200.8926,340.4791,126.0151,204.7311,341.4877,-6.870209,-3.83847,1.008545,-42.25951,-17.23798,17.42007,-53.15164,-24.37297,4.740875,-10.89214,7.134995,-12.6792,3.331468,,,,,,,,,,,,,,
4,1,full,13,3,0.007094969,-0.05746047,-0.9983227,-0.002050881,0.02146675,-0.9997675,183.2941,179.5928,172.961,178.7699,180.1175,354.5427,-4.5242,-0.524704,181.5817,-0.3667981,-0.7212486,0.587588,-0.02916393,-0.9273024,0.3731753,309.1691,328.0258,206.9561,291.9214,355.5314,181.8014,-17.24768,-27.50558,-25.15468,125.8749,-148.433,33.99506,113.1514,-175.4138,-172.7413,-12.72348,26.98088,-206.7363,3.521445,,,,,,,,,,,,,,
4,1,full,14,6,-0.09107765,-0.09974289,-0.9908361,-0.001658824,0.02085042,-0.9997812,185.7483,185.2519,222.4,178.8053,180.0951,355.4512,-6.943069,5.156799,133.0513,0.3788419,-0.6098732,-0.6960844,0.3277539,-0.9100169,-0.2538631,221.2232,151.4429,148.1522,254.4128,127.7597,160.1929,33.18959,23.68317,12.04066,35.47482,33.80898,-74.24774,75.60748,52.33535,-195.2583,40.13266,-18.52637,-121.0106,4.130032,,,,,,,,,,,,,,
4,1,full,15,5,-0.05514626,0.000349069,-0.9984782,0.001607505,0.01653737,-0.999862,179.98,183.1613,270.3627,179.0524,179.9079,5.551959,-0.9275208,3.253372,-264.8107,0.9991717,-0.03767574,-0.01537585,0.9823283,0.05207129,-0.1797769,247.7991,90.88163,92.15943,163.8467,100.371,86.96571,-83.95247,-9.489357,-5.193726,67.81917,92.27962,-178.2032,-15.20578,79.5369,81.41375,-83.02495,12.74273,259.617,3.17604,,,,,,,,,,,,,,
4,1,full,16,0,-0.0673677,-0.02507331,-0.9974132,-0.006650706,0.01847637,-0.9998072,181.44,183.864,249.5854,178.9413,180.3811,340.2033,-2.498718,3.48291,90.61783,-0.3925527,-0.3195318,-0.8624396,-0.153594,-0.3207223,-0.9346369,200.3295,204.4734,230.8549,198.9398,189.3323,205.5898,-1.389786,15.14107,-25.26518,18.88953,-20.60934,-18.7305,19.99846,-8.951187,-134.6135,1.108932,-11.65816,-115.883,3.863726,,,,,,,,,,,,,,
4,1,full,17,2,0.08258223,-0.06442635,-0.9944997,-0.009818872,0.01837284,-0.999783,183.7066,175.2531,127.9595,178.9472,180.5627,331.8789,-4.759384,-5.30957,203.9194,-0.906853,-0.0723708,0.4151869,-0.8809072,0.1290479,0.4553561,350.1122,294.5999,265.4372,15.82273,297.3352,278.3342,-334.2895,-2.735352,12.897,166.4056,-119.3467,137.4777,-163.1245,-116.7725,-53.54468,-329.5301,-2.574219,-191.0224,4.14323,,,,,,,,,,,,,,
4,1,full,18,3,-0.1177411,-0.08319315,-0.9895537,-0.003818372,0.01978765,-0.9997969,184.8056,186.7854,234.7558,178.8662,180.2188,349.078,-5.939468,6.566559,114.3222,-0.3436083,-0.5355449,0.7714435,-0.06228922,-0.9202598,0.3863185,325.2312,335.9914,212.6844,292.7723,350.8406,183.8722,-32.45886,-14.84921,-28.81219,140.4255,-149.206,-22.07141,113.9061,-170.6218,-165.2058,-26.51939,21.41577,-143.1344,4.063551,,,,,,,,,,,,,,
4,1,full,19,0,-0.099122,-0.1956451,-0.9756527,-0.006875661,0.02499107,-0.999664,191.339,185.8011,206.8687,178.5679,180.3941,344.6171,-12.77104,5.407013,137.7484,-0.5336421,-0.2559595,-0.8060467,-0.1511863,-0.3258435,-0.933257,197.6172,213.5065,244.3755,199.2465,189.2019,204.8905,1.629272,24.30461,-39.48491,6.278229,-27.70541,37.50677,20.67854,-8.807816,-139.7265,14.40031,-18.8976,-177.2333,3.986269,,,,,,,,,,,,,,
4,1,full,20,8,-0.1489441,-0.1573716,-0.9762428,-0.004504168,0.02165306,-0.9997554,189.1574,188.6747,223.4241,178.7593,180.2581,348.2492,-10.3981,8.416519,124.8251,0.3101538,-0.04562587,-0.949591,0.1818784,0.09197867,-0.9790098,182.7508,161.912,98.36861,174.6328,169.4757,63.17358,-8.118042,-7.563675,-35.19503,-6.40654,26.76263,-125.0555,-4.12648,10.78244,-285.0756,2.28006,15.98019,-160.0201,3.498524,,,,,,,,,,,,,,
4,1,full,21,7,-0.03186686,-0.0570678,-0.9978617,-0.004336689,0.01874638,-0.9998149,183.2732,181.8291,209.1792,178.9258,180.2485,346.9746,-4.347336,1.580612,137.7955,0.6622676,-0.05577813,-0.7471886,0.3621444,0.5308886,-0.766165,184.2692,138.448,94.81426,145.2813,154.7012,34.29976,-38.98798,-16.25327,-60.5145,0.9960632,43.38116,-114.3649,-33.64458,25.54729,-312.6748,-34.64064,17.83388,-198.3099,3.663356,,,,,,,,,,,,,,
4,1,full,22,2,-0.02043234,0.01635343,-0.9996576,0.01286982,0.01477456,-0.999808,179.0628,181.1709,308.6727,179.1534,179.2625,41.05846,0.09060669,1.908401,-267.6143,-0.8883394,-0.05713774,0.4556187,-0.871291,0.1244423,0.4747274,352.852,297.1527,266.3198,14.6887,298.584,278.1283,-338.1633,-1.431244,11.80847,173.7892,-115.9818,-42.35291,-164.4647,-119.3215,237.0698,-338.2539,3.339645,279.4227,3.718431,,,,,,,,,,,,,,
4,1,full,23,5,-0.01725695,-0.05625439,-0.9982674,0.01069258,0.01778804,-0.9997846,183.2253,180.9904,197.0542,178.9807,179.3873,31.01054,-4.244598,1.603119,-166.0437,0.96732,0.04858181,0.2488609,0.9763244,0.0450406,-0.2115703,11.04617,75.57248,87.12484,167.9819,102.227,87.35866,156.9357,-26.65451,0.2338181,-172.1791,105.4179,-109.9294,-10.99884,77.16026,56.34811,161.1803,28.25763,166.2775,3.509552,,,,,,,,,,,,,,
4,1,full,24,4,-0.001909534,-0.04782517,-0.9988541,0.005057476,0.01948282,-0.9997974,182.7412,180.1095,182.2865,178.8836,179.7102,14.55202,-3.857605,0.3993683,-167.7344,0.8144315,0.1514227,0.560154,0.405414,0.7950016,0.4512337,15.12684,55.48038,79.46758,60.42126,41.93833,27.01948,45.29442,13.54205,-52.4481,-167.6144,124.6292,-102.8189,-118.4624,137.7719,12.46746,49.15202,-13.14268,115.2863,3.831794,,,,,,,,,,,,,,
4,1,full,25,6,-0.001133303,0.02517024,-0.9996825,-0.007694634,0.01810651,-0.9998065,178.5577,180.0649,357.422,178.9625,180.4409,336.9762,0.4047852,-0.3760071,-20.44577,0.3478094,-0.5751425,-0.7404322,0.3279757,-0.9071422,-0.263676,217.8389,154.8387,148.8371,253.7926,128.7975,160.1226,35.95375,26.0412,11.28551,39.28114,25.2262,-208.5848,74.83011,51.6434,-176.8536,35.54897,-26.41721,31.73128,3.632186,,,,,,,,,,,,,,
4,1,full,26,1,-0.0327217,0.04024773,-0.9986539,0.009943763,0.01612115,-0.9998206,177.6921,181.8767,320.8886,179.0762,179.4302,31.66689,1.384125,2.446487,-289.2217,-0.2662938,0.6503962,-0.7113877,-0.2546422,0.7836939,-0.566552,137.5645,200.5224,337.7342,125.8641,204.202,341.9997,-11.70033,-3.679611,4.265533,-40.12766,-18.64572,16.84552,-53.21211,-24.77182,310.3328,-13.08446,6.126099,293.4873,3.809256,,,,,,,,,,,,,,
5,2,full,0,2,0.05655636,-0.2489259,-0.9668701,0.004356312,-0.1785501,-0.9839212,194.4376,176.6523,167.1996,190.2854,179.7463,178.6024,-4.152145,-3.093979,11.40274,-0.9556872,-0.2021449,0.2140076,-0.8624015,-0.2251293,0.4534099,316.6328,282.622,258.0569,333.5945,297.7333,255.3695,16.96164,-15.11124,-2.687469,122.1953,-105.9697,90.85733,143.309,-117.987,76.76712,21.11378,12.01726,-14.09021,6.897181,,,,,,,,,,,,,,
5,2,full,1,0,0.07320075,-0.2131651,-0.9742702,0.03395403,-0.1803885,-0.9830092,192.3415,175.7032,161.0476,190.3985,178.0217,169.3401,-1.943085,-2.318527,8.292511,-0.2121003,-0.3858837,-0.8978348,-0.157764,-0.3906932,-0.9069009,203.2577,193.2916,208.7953,203.3064,189.8684,201.9891,0.04864502,3.423218,-6.806198,10.9162,-17.58839,47.74774,12.90793,-11.84665,32.64903,1.99173,-5.741745,-15.09871,3.653358,,,,,,,,,,,,,,
5,2,full,2,3,0.03155676,-0.2504257,-0.9676213,0.02134048,-0.1780605,-0.9837881,194.5101,178.1321,172.8179,190.2592,178.7573,173.1657,-4.250916,-0.6252441,0.3478546,-0.1426787,-0.8962174,0.4200442,-0.01904463,-0.9531869,0.3017815,295.1118,341.2386,189.0456,287.5679,356.389,181.1446,-7.543884,-15.15036,-7.901031,100.6017,-163.1066,16.22777,97.30876,-177.6317,7.978882,-3.292969,14.52512,-8.248886,3.408513,,,,,,,,,,,,,,
5,2,full,3,4,0.149677,-0.2442487,-0.9580917,0.01431702,-0.1825998,-0.9830831,194.3019,171.1208,148.4998,190.5223,179.1656,175.5168,-3.779602,-8.044861,27.01701,0.3914515,0.7232984,0.568863,0.5522545,0.6388747,0.5355877,51.8155,34.53302,28.4224,50.02589,45.87776,40.84071,-1.789604,-11.34474,12.41831,-142.4864,136.5878,-120.0774,-140.4964,133.2879,-134.6761,1.990005,3.299881,-14.5987,3.496906,,,,,,,,,,,,,,
5,2,full,4,1,0.02242366,-0.2681936,-0.9631042,0.003683107,-0.1790668,-0.98383,195.5608,178.6662,175.2206,190.3155,179.7855,178.8217,-5.245346,-1.119263,3.601059,-0.3603311,0.5542343,-0.750324,-0.2892306,0.725032,-0.6250395,143.5482,205.6519,326.9704,130.7641,204.8319,338.2519,-12.78406,0.8200378,11.28149,-52.01262,-26.98566,151.7498,-59.55133,-25.04636,159.4302,-7.538712,-1.939301,7.680435,3.520015,,,,,,,,,,,,,,
5,2,full,5,5,0.03568873,-0.3364849,-0.9410126,0.03609238,-0.1739879,-0.9840862,199.6759,177.828,173.9457,190.0264,177.8996,168.2807,-9.649536,-0.07151794,-5.664993,0.994396,-0.04107654,0.09741368,0.9716261,-0.1889718,-0.1422407,337.1363,84.40501,92.36543,233.0309,98.32863,101.0061,-104.1053,-13.92362,8.64064,137.4604,93.42304,-81.58023,43.00455,79.57094,-67.2746,-94.45581,13.8521,14.30563,3.051958,,,,,,,,,,,,,,
5,2,full,6,7,0.02751561,-0.2361293,-0.9713321,0.01442753,-0.1779404,-0.9839355,193.6635,178.3774,173.3534,190.2509,179.1599,175.3646,-3.412582,-0.7825623,2.011139,0.4777747,0.457238,-0.75011,0.4274417,0.4351135,-0.7924455,148.6351,147.5053,46.25825,151.2298,151.6578,44.49041,2.594696,-4.152435,-1.767838,-45.02834,30.87204,-127.0952,-39.02106,27.50217,-130.8741,6.007278,3.369873,-3.778969,3.687524,,,,,,,,,,,,,,
5,2,full,7,8,0.01556916,-0.3169806,-0.9483044,0.01844797,-0.175144,-0.98437,198.4827,179.0594,177.1881,190.0888,178.9264,173.9872,-8.393967,0.1330414,-3.200882,0.230273,0.194473,-0.953496,0.2111926,-0.009062792,-0.9774024,168.4722,166.4228,49.81782,180.5313,167.8073,92.4572,12.05905,-1.38443,42.63938,-30.01054,12.63658,-127.3702,-9.557526,11.11911,-81.52998,20.45302,1.517471,45.84026,2.576747,,,,,,,,,,,,,,
5,2,full,8,6,0.02920452,-0.2119389,-0.9768466,0.01446591,-0.1781905,-0.9838897,192.2413,178.2876,172.1542,190.2655,179.1577,175.3588,-1.97583,-0.8701019,3.204544,0.3619117,-0.851101,-0.3803254,0.3286796,-0.9168971,-0.2264277,245.9219,136.4211,156.9635,256.1284,124.563,160.2788,10.20645,11.85812,3.315338,53.6806,41.86644,-15.19078,65.86288,54.59466,-15.07999,12.18228,-12.72822,0.1107941,4.098478,,,,,,,,,,,,,,
5,2,full,9,1,0.08582544,-0.1066166,-0.9905893,0.02230193,-0.1821116,-0.9830249,186.1431,175.0482,141.1662,190.4954,178.7004,173.0182,4.352341,-3.652145,31.85193,-0.2725171,0.5763378,-0.7704344,-0.2923887,0.7157106,-0.6342453,143.201,199.4796,334.6932,131.5466,204.7498,337.7785,-11.65442,-5.270187,3.085327,-42.94206,-24.43143,193.527,-58.94882,-26.04947,164.7604,-16.00676,1.618042,-28.7666,2.85394,,,,,,,,,,,,,,
5,2,full,10,5,0.02494099,-0.2368422,-0.9712281,0.01487084,-0.1778013,-0.9839541,193.7046,178.529,173.9886,190.2429,179.1341,175.2191,-3.461716,-0.6051483,1.230499,0.9840516,-0.0969427,0.1491468,0.969559,-0.1882486,-0.1565816,326.9769,81.38161,95.62627,230.247,99.17393,100.9878,-96.7299,-17.79232,5.361511,133.2723,97.14736,-78.36228,40.0041,79.96019,-74.23127,-93.26819,17.18717,4.131012,2.520281,,,,,,,,,,,,,,
5,2,full,11,8,0.0665426,-0.2083555,-0.9757871,0.007708395,-0.1775702,-0.984078,192.0531,176.0988,162.2881,190.2286,179.5512,177.5143,-1.824524,-3.452393,15.22627,0.2810991,0.1091067,-0.9534565,0.2088422,-0.006770487,-0.9779259,173.4719,163.5734,68.78662,180.3967,167.9452,91.85683,6.924789,-4.371841,23.07021,-18.58122,12.52544,-93.50143,-9.831909,11.60599,-85.65749,8.749313,0.9194489,7.843941,2.717865,,,,,,,,,,,,,,
5,2,full,12,6,0.05210222,-0.2278303,-0.972306,0.01016284,-0.1756747,-0.9843958,193.1876,176.9327,167.1186,190.1185,179.4085,176.6891,-3.069153,-2.47583,9.570511,0.3084071,-0.8560787,-0.4147463,0.324683,-0.9171006,-0.2313167,244.1511,143.3654,160.1882,255.8438,125.4675,160.5044,11.69269,17.89781,0.3162384,50.96349,33.56731,-6.930435,65.72533,53.94095,-16.18471,14.76184,-20.37364,-9.254272,3.476121,,,,,,,,,,,,,,
5,2,full,13,3,0.07149514,-0.147935,-0.9864097,0.01290939,-0.1799307,-0.9835946,188.5293,175.8544,154.2061,190.3666,179.2481,175.8963,1.837326,-3.393631,21.69016,-0.1920138,-0.8908413,0.4117433,-6.69E-05,-0.9601068,0.2796336,294.8062,334.9983,192.1636,286.2383,359.9863,180.004,-8.567841,-24.98798,-12.15958,106.2769,-159.1439,37.95744,95.87175,-180.7382,4.107712,-10.40517,21.59435,-33.84973,3.453913,,,,,,,,,,,,,,
5,2,full,14,4,0.06275222,-0.2205182,-0.9733622,0.01776487,-0.1766574,-0.9841121,192.7651,176.3113,164.1154,190.1767,178.9658,174.2576,-2.588318,-2.654572,10.1422,0.4465726,0.7542849,0.4812766,0.5481114,0.64337,0.5344614,57.45981,42.85799,30.62756,50.28285,45.7224,40.42894,-7.17696,-2.864414,9.801388,-135.3053,133.4533,-133.4878,-139.8939,133.2434,-133.8286,-4.588638,0.2098389,-0.3408203,3.420226,,,,,,,,,,,,,,
5,2,full,15,7,0.1088842,-0.3092329,-0.9447326,-0.007337598,-0.1745818,-0.9846153,198.1245,173.4254,160.6023,190.0546,180.427,182.4067,-8.069885,-7.001526,21.8044,0.4339683,0.423839,-0.7950047,0.4168691,0.4335785,-0.7988929,151.9367,151.3713,45.67654,151.5103,152.4441,43.87441,-0.4264374,-1.072815,-1.802128,-46.18779,22.05418,-114.9258,-38.54434,27.98289,-138.5323,7.643448,-5.928711,-23.60653,3.431499,,,,,,,,,,,,,,
5,2,full,16,2,0.0679732,-0.2504899,-0.9657302,0.01599044,-0.1752256,-0.9843984,194.5409,175.9739,164.8178,190.0931,179.0694,174.7858,-4.447769,-3.09552,9.968079,-0.9518742,-0.144941,0.270051,-0.8718961,-0.2208961,0.4370377,331.7768,285.8389,261.3421,333.1862,296.6223,255.7832,1.409363,-10.78345,-5.55896,137.2359,-109.865,96.52437,143.0931,-117.5529,80.99733,5.857132,7.687927,-15.52704,2.986503,,,,,,,,,,,,,,
5,2,full,17,0,0.0205258,-0.1624469,-0.9865038,0.02487999,-0.1821999,-0.9829467,189.3509,178.808,172.7986,190.5012,178.5501,172.2242,1.150269,0.2579803,-0.5744629,-0.3238217,-0.3224041,-0.8894917,-0.1601718,-0.3916543,-0.906064,199.9235,200.0042,225.1257,203.3768,190.025,202.2427,3.453354,9.979126,-22.883,10.57256,-21.19611,52.32706,12.87564,-11.47496,30.01852,2.303085,-9.721146,-22.30853,3.20902,,,,,,,,,,,,,,
5,2,full,18,8,0.009280455,-0.2165506,-0.9762274,0.02204604,-0.1777926,-0.983821,192.507,179.4553,177.546,190.2437,178.7163,172.9315,-2.263321,0.7390442,-4.614548,0.1857905,0.1451371,-0.9718115,0.2106991,-0.009305323,-0.9775067,171.5058,169.1768,52.00351,180.5454,167.8361,92.52877,9.039581,1.340683,40.52526,-21.00122,10.27852,-125.5425,-9.698318,10.88016,-80.40272,11.3029,-0.6016388,45.13981,3.054408,,,,,,,,,,,,,,
5,2,full,19,5,0.05246063,-0.2388244,-0.9696449,0.01572903,-0.176405,-0.984192,193.8366,176.9032,167.6111,190.1617,179.0844,174.9047,-3.674896,-2.181244,7.293686,0.9957749,-0.04085887,0.08223697,0.9680983,-0.1950152,-0.157336,333.5798,85.27889,92.34966,231.1038,99.23105,101.3893,-102.476,-13.95216,9.039673,139.7432,91.62426,-75.2614,40.94211,79.85335,-73.51541,-98.80113,11.77091,1.745987,2.931173,,,,,,,,,,,,,,
5,2,full,20,6,0.1419701,-0.1698508,-0.9751899,0.003288093,-0.1787885,-0.983882,189.8802,171.7169,140.1094,190.2993,179.8085,178.9464,0.4190521,-8.091568,38.83704,0.3367057,-0.8149949,-0.4716069,0.3272777,-0.916546,-0.2298538,239.9436,144.4749,157.5526,255.9216,125.0811,160.3495,15.97792,19.39377,2.796921,50.06345,27.24203,17.44324,65.62231,54.72737,-18.59688,15.55887,-27.48534,-36.04012,5.045056,,,,,,,,,,,,,,
5,2,full,21,0,0.05550331,-0.1491403,-0.9872571,0.02251661,-0.179042,-0.9835837,188.5904,176.7822,159.587,190.3166,178.6886,172.832,1.726166,-1.906357,13.24503,-0.2688286,-0.2314873,-0.9349573,-0.1581741,-0.3908591,-0.9067581,193.9063,196.0415,229.2684,203.3185,189.8951,202.0323,9.412231,6.146484,-27.23602,5.315842,-19.25931,69.68137,13.00191,-11.20647,29.20032,7.686066,-8.052841,-40.48105,3.008607,,,,,,,,,,,,,,
5,2,full,22,4,0.002488274,-0.2146349,-0.9766914,0.004611677,-0.1779602,-0.9840269,192.3941,179.854,179.3358,190.2511,179.7315,178.5156,-2.143051,0.1225433,-0.8202362,0.4775349,0.6766398,0.5604634,0.5674955,0.6409535,0.5168437,50.36492,40.43219,35.21233,51.11844,47.67447,41.52144,0.7535248,-7.242275,6.309116,-142.0292,139.4218,-144.1235,-139.1326,132.057,-136.9941,2.896576,7.364822,7.129349,2.95143,,,,,,,,,,,,,,
5,2,full,23,2,0.04289088,-0.2409439,-0.969591,0.008914147,-0.1794685,-0.9837233,193.9554,177.4671,169.9064,190.3392,179.4808,177.1565,-3.616135,-2.013702,7.250076,-0.9651316,-0.02132652,0.2608953,-0.8673778,-0.2364299,0.4379002,355.3268,285.1267,268.7341,331.6346,296.7872,254.7527,-23.69223,-11.66046,-13.9814,161.3715,-107.6596,98.82773,141.2954,-117.3064,77.59625,-20.0761,9.646759,-21.23148,3.031507,,,,,,,,,,,,,,
5,2,full,24,3,0.03501875,-0.1922512,-0.9807209,0.02899039,-0.1786527,-0.983485,191.0911,177.955,169.6767,190.2957,178.3116,170.7828,-0.7954102,-0.3565674,1.10614,-0.1383498,-0.8831818,0.4481622,-0.008322085,-0.951433,0.3077433,296.9051,342.8443,188.903,287.9239,358.451,180.5011,-8.981171,-15.60666,-8.401855,105.814,-164.8893,19.2263,97.62825,-180.1394,9.718307,-8.18576,15.25009,-9.507996,3.197909,,,,,,,,,,,,,,
5,2,full,25,7,-0.2078451,-0.8644139,0.4578091,0.06508795,-0.08811248,-0.9939817,297.9065,335.582,193.5199,185.0658,176.2535,143.547,-112.8407,159.3285,-49.97287,0.3961645,0.3995157,-0.8267049,0.4199612,0.4405538,-0.7934387,154.2073,154.3958,44.75869,150.9589,152.1081,43.62914,-3.248322,2.287781,-1.129547,-143.6992,181.1861,-148.7612,-34.10686,24.14545,-99.91789,109.5924,157.0407,48.84332,6.007362,,,,,,,,,,,,,,
5,2,full,26,1,0.0296053,-0.2174798,-0.9756157,0.01198612,-0.1749958,-0.9844962,192.5667,178.2619,172.248,190.0791,179.3025,176.0817,-2.487518,-1.040588,3.833679,-0.3975807,0.4739869,-0.7856629,-0.2855906,0.7232614,-0.6287535,148.8976,206.8414,320.01,131.0014,204.4284,338.4527,-17.89616,2.413086,18.44263,-43.66904,-28.57957,147.762,-59.07768,-25.1259,162.3709,-15.40865,-3.453674,14.60895,3.56397,,,,,,,,,,,,,,
6,3,full,0,3,-0.05840344,-0.1699003,-0.9837292,-0.03438761,-0.1270582,-0.991299,189.7989,183.3976,198.9705,187.304,181.9868,195.144,-2.494934,1.410873,-3.826492,-0.03908324,-0.9203293,0.3891871,-0.1568429,-0.9777039,0.1396264,292.9224,354.2654,182.4317,278.1275,311.6765,189.1137,-14.79492,42.58896,6.682037,103.1235,-170.8678,-16.53879,90.82353,-129.6897,-6.030258,-12.29999,-41.17809,10.50853,6.772316,,,,,,,,,,,,,,
6,3,full,1,5,-0.03333313,-0.1850713,-0.9821598,-0.0346554,-0.1166876,-0.9925638,190.6713,181.9438,190.2101,186.705,181.9997,196.541,-3.966278,-0.05586243,6.330978,0.9589944,0.1313228,-0.2511657,0.8868331,-0.1680586,-0.4304455,152.397,104.6764,82.20253,201.3271,115.8907,100.7305,48.93008,-11.21429,18.52802,-38.27425,77.26737,-108.0075,14.62212,66.10895,-95.8105,52.89636,11.15842,12.19704,4.40885,,,,,,,,,,,,,,
6,3,full,2,4,-0.07923229,-0.2145559,-0.9734928,-0.05894816,-0.1128551,-0.9918613,192.4292,184.653,200.2684,186.4913,183.4012,207.5796,-5.937912,1.251831,7.311203,0.4269231,0.6026528,0.6742005,0.510246,0.8367344,0.198808,41.79282,32.34317,35.314,76.63436,68.71253,31.37511,34.84154,-36.36937,-3.938896,-150.6364,152.3099,-164.9544,-109.8569,114.6887,-176.2045,40.77946,37.62119,-11.25009,4.796848,,,,,,,,,,,,,,
6,3,full,3,0,-0.0832712,-0.21786,-0.9724213,-0.05419472,-0.110013,-0.9924515,192.6279,184.8945,200.918,186.3254,183.1256,206.2258,-6.302551,1.768814,5.307816,0.009304944,-0.1808506,-0.9834667,-0.1864213,-0.3470756,-0.9191222,190.4198,179.4579,177.0547,200.6874,191.4655,208.2411,10.26761,-12.00758,31.18646,-2.208191,5.436539,-23.86334,14.36197,-8.339859,2.015305,16.57016,13.7764,25.87865,7.374638,,,,,,,,,,,,,,
6,3,full,4,2,-0.08112685,-0.2153782,-0.973155,-0.05994377,-0.1095085,-0.9921768,192.4795,184.7654,200.64,186.2984,183.4574,208.6958,-6.181152,1.308014,8.055832,-0.4546543,0.1807908,0.8721262,-0.9838402,-0.1730369,-0.04600952,11.71147,332.4662,291.685,255.1099,267.3225,260.0249,243.3984,65.14368,-31.66006,-180.768,-147.7008,91.045,68.81155,-83.8651,51.3291,249.5796,-63.83566,-39.7159,6.4404,,,,,,,,,,,,,,
6,3,full,5,6,-0.02726685,-0.203735,-0.9786465,-0.07329116,-0.109489,-0.9912823,191.7599,181.5959,187.6229,186.3029,184.2285,213.7981,-5.457016,-2.632568,26.17519,0.3721093,-0.7634259,-0.5279353,0.2711075,-0.9023234,-0.3351316,235.3348,144.8223,154.0145,249.6245,141.0286,163.2769,14.2897,3.793747,9.262405,43.57492,36.77362,-33.60843,63.32164,43.19994,-50.52121,19.74672,-6.426315,-16.91278,7.806678,,,,,,,,,,,,,,
6,3,full,6,1,-0.09630509,-0.1246114,-0.9875209,-0.07811266,-0.1110743,-0.9907375,187.1919,185.57,217.6984,186.3969,184.508,215.1167,-0.7950439,1.061951,-2.581726,-0.4355894,0.7056394,-0.5588695,-0.308724,0.6548759,-0.6898022,128.3794,217.9333,328.3131,136.4879,204.1111,334.7597,8.108475,13.82216,6.446625,-58.81255,-32.36328,110.6147,-49.90903,-19.60307,119.643,8.903519,-12.76021,9.028351,3.089035,,,,,,,,,,,,,,
6,3,full,7,8,-0.06424614,-0.2154431,-0.9744008,-0.06087034,-0.1083692,-0.9922454,192.4677,183.7723,196.6048,186.2329,183.5105,209.3227,-6.234756,0.2618103,12.71783,0.1369215,0.1629608,-0.9770856,0.1446329,0.01003653,-0.9894344,170.5312,172.0229,40.03735,179.4188,171.6835,86.03043,8.887604,0.3394012,45.99308,-21.93646,11.74933,-156.5675,-6.814102,11.82692,-123.2922,15.12236,-0.07759094,33.27525,5.285745,,,,,,,,,,,,,,
6,3,full,8,7,-0.08005035,-0.2614101,-0.9619028,-0.07087642,-0.1082025,-0.9915991,195.2037,184.7572,197.0259,186.2274,184.0884,213.2262,-8.976273,0.668869,16.2003,0.2848604,0.6353942,-0.717725,0.3301717,0.4211691,-0.8447505,138.4819,158.3522,24.14768,153.5004,158.6519,38.09435,15.01854,-0.2996979,13.94667,-56.72182,26.40503,-172.8782,-32.72701,25.43646,-175.1319,23.99481,0.9685669,-2.253647,3.765849,,,,,,,,,,,,,,
6,3,full,9,3,-0.06723303,-0.1963149,-0.9782332,-0.07185301,-0.1105641,-0.9912683,191.3476,183.9317,198.9051,186.3643,184.1459,213.0189,-4.983215,-0.2141876,14.1138,0.01347662,-0.9446853,0.3277014,-0.1970858,-0.9802657,0.01537587,289.1311,2.354944,179.1827,270.8986,274.461,191.368,-18.23251,-272.106,12.18526,97.78357,181.5768,-19.72238,84.53427,-90.31508,-21.65092,-13.2493,271.8918,-1.928543,4.540812,,,,,,,,,,,,,,
6,3,full,10,0,-0.03303258,-0.1660192,-0.9855694,-0.04235595,-0.1073177,-0.9933221,189.5617,181.9196,191.2531,186.1663,182.4417,201.5381,-3.395432,-0.5220337,10.28497,-0.3391216,-0.4219259,-0.8408182,-0.1668538,-0.3424496,-0.9246016,206.6477,201.9654,218.7905,200.3234,190.2295,205.977,-6.324295,11.73586,-12.81346,17.08597,-20.04575,27.53738,14.1571,-7.787857,4.43895,-2.928864,-12.25789,-23.09843,4.354172,,,,,,,,,,,,,,
6,3,full,11,4,-0.05983807,-0.1665787,-0.984211,-0.03826481,-0.1073059,-0.9934894,189.6063,183.4792,199.7592,186.1646,182.2057,199.626,-3.441757,1.273499,-0.133194,0.4003919,0.6886279,0.6045478,0.5222498,0.8465766,0.102777,48.72004,33.5165,30.17519,83.07799,78.86666,31.67027,34.35795,-45.35016,1.495081,-140.8863,149.9627,-169.584,-103.0866,103.339,-167.9557,37.79971,46.62365,1.628281,5.740819,,,,,,,,,,,,,,
6,3,full,12,8,-0.0334047,-0.180196,-0.9830634,-0.02811196,-0.1044139,-0.9941366,190.387,181.9462,190.5023,185.9958,181.6198,195.0688,-4.391251,0.3264008,4.566498,0.0593781,0.2574944,-0.9644539,0.158805,0.008008654,-0.9872775,165.0516,176.4769,12.98539,179.5352,170.8622,87.11298,14.48366,5.614777,74.12759,-25.33545,5.469223,-177.5169,-6.460541,10.7576,-107.9558,18.87491,-5.288376,69.5611,4.619327,,,,,,,,,,,,,,
6,3,full,13,6,-0.04739267,-0.2691955,-0.9619188,-0.02627345,-0.1003827,-0.994602,195.6344,182.8206,189.9848,185.7632,181.5132,194.6672,-9.871216,1.307434,4.682404,0.2471256,-0.8846972,-0.395272,0.2846753,-0.8924311,-0.3500381,245.9255,147.9862,164.3932,248.5834,140.8796,162.3079,2.657928,7.106598,-2.085251,50.29106,34.83441,-25.5916,62.82021,40.63358,-32.35925,12.52914,-5.799164,-6.767654,2.972032,,,,,,,,,,,,,,
6,3,full,14,1,-0.04298576,-0.1171789,-0.9921803,-0.02868626,-0.1075425,-0.9937866,186.7356,182.4808,200.145,186.1762,181.6534,194.9355,-0.5593414,0.8273468,-5.209457,-0.4025918,0.7119561,-0.5753594,-0.2733662,0.6493128,-0.7096928,128.943,214.9813,330.513,137.5439,201.0662,337.1685,8.600922,13.91518,6.655457,-57.79254,-32.50058,130.368,-48.63228,-19.41275,142.233,9.160263,-13.08783,11.86491,3.720871,,,,,,,,,,,,,,
6,3,full,15,7,-0.02890501,-0.2189114,-0.9753166,-0.02389134,-0.1044096,-0.9942474,192.6505,181.6976,187.5218,185.9949,181.3765,192.8887,-6.655609,0.3210297,5.366913,0.3507156,0.6206526,-0.7012767,0.339807,0.4041935,-0.8492108,138.4901,153.4299,29.46973,154.5473,158.1915,40.0539,16.05713,-4.761551,10.58417,-54.16034,28.26765,-158.0521,-31.4476,23.18507,-152.8348,22.71274,5.082581,5.217255,3.675828,,,,,,,,,,,,,,
6,3,full,16,5,-0.03337005,-0.1392138,-0.9897,-0.02912637,-0.1071856,-0.9938123,188.0069,181.9311,193.4797,186.1557,181.6787,195.2023,-1.85112,0.2524109,1.722656,0.960712,0.1697096,-0.2196168,0.8137742,-0.156279,-0.5597754,142.3048,102.8764,79.98206,195.5988,124.5231,100.8709,53.29391,-21.64668,20.88879,-45.70201,79.05469,-113.4976,9.443024,57.15559,-94.33147,55.14503,21.89909,19.16614,4.031187,,,,,,,,,,,,,,
6,3,full,17,2,-0.05347109,-0.1380454,-0.9889817,-0.04778105,-0.105906,-0.9932275,187.9462,183.0948,201.1736,186.0863,182.7542,204.2832,-1.859848,0.3405762,3.109619,-0.818114,0.2459087,0.5198253,-0.9706597,-0.1964426,-0.138672,25.31697,302.4317,286.7297,234.7811,261.8695,258.559,209.4641,40.56213,-28.17078,-162.6292,-119.3369,85.55614,48.69476,-79.11534,54.27574,211.324,-40.22156,-31.2804,4.963809,,,,,,,,,,,,,,
6,3,full,18,8,-0.0790074,-0.1645562,-0.9831985,-0.03550265,-0.1048325,-0.993856,189.5014,184.5943,205.6468,186.0213,182.0459,198.7092,-3.480118,2.548431,-6.937561,0.09049626,0.2437724,-0.9656011,0.1571657,0.007519849,-0.9875436,165.8314,174.6459,20.36657,179.5637,170.9573,87.26068,13.73236,3.688553,66.89411,-23.67007,9.94841,-185.2802,-6.457596,11.08853,-111.4485,17.21248,-1.140121,73.83167,3.996367,,,,,,,,,,,,,,
6,3,full,19,1,-0.04579939,-0.2531971,-0.9663299,-0.03163224,-0.09945507,-0.9945391,194.6825,182.7135,190.2531,185.7107,181.8217,197.6436,-8.971878,0.8917847,7.390503,-0.4127241,0.6891462,-0.5955975,-0.2835169,0.6398596,-0.7142813,130.8354,214.7203,329.0829,138.1457,201.6494,336.1022,7.310379,13.07091,7.019287,-63.84718,-32.00682,138.8299,-47.56493,-19.8277,138.4587,16.28226,-12.17912,-0.3712158,3.576803,,,,,,,,,,,,,,
6,3,full,20,2,-0.03818896,-0.2380702,-0.9704969,-0.04456249,-0.1020123,-0.9937845,193.7829,182.2534,189.1132,185.8609,182.5675,203.5974,-7.922012,-0.3140717,14.48416,-0.7552771,0.3576318,0.5492322,-0.9697722,-0.2030652,-0.1353014,33.07011,306.0244,295.3381,236.3247,262.0574,258.1734,203.2546,43.96695,-37.16464,-160.7128,-123.771,106.2249,50.46378,-79.48994,54.57607,211.1766,-44.28102,-51.6488,3.863021,,,,,,,,,,,,,,
6,3,full,21,0,-0.0529801,-0.1776226,-0.9826717,-0.03458817,-0.1042382,-0.9939507,190.2458,183.0861,196.6084,185.9869,181.993,198.3568,-4.258972,1.093063,1.748367,-0.3517126,-0.371034,-0.859437,-0.1456793,-0.3316977,-0.9320698,203.3507,202.2561,223.4687,199.5892,188.8833,203.7108,-3.76149,13.37286,-19.7579,13.10486,-19.17006,26.86023,13.60234,-6.890259,5.353958,0.4974823,-12.2798,-21.50627,4.687675,,,,,,,,,,,,,,
6,3,full,22,5,-0.03191003,-0.08145367,-0.9961662,-0.04236943,-0.1065427,-0.993405,184.6745,181.8347,201.3931,186.1216,182.4422,201.6865,1.447067,-0.6075134,0.2934113,0.960849,0.168879,-0.2196572,0.827423,-0.1523077,-0.5405308,142.4458,102.877,80.0315,195.7365,123.1554,100.43,53.29063,-20.27843,20.39845,-42.22865,78.95776,-121.3616,9.614914,59.28684,-101.2566,51.84357,19.67091,20.10504,3.75265,,,,,,,,,,,,,,
6,3,full,23,3,-0.09220655,-0.1598515,-0.9828253,-0.04625881,-0.1037828,-0.9935236,189.238,185.3597,209.9775,185.9634,182.6658,204.0238,-3.274536,2.693878,-5.953674,0.00417972,-0.8737754,0.4863117,-0.222522,-0.9649681,-0.1389983,299.0987,0.4924299,179.7259,261.8032,238.009,192.9854,-37.2955,-237.5166,13.25951,109.8607,184.8672,-30.25157,75.83978,-55.34326,-11.03839,-34.02097,240.2105,19.21318,5.252384,,,,,,,,,,,,,,
6,3,full,24,6,-0.04639843,-0.1239767,-0.9911999,-0.02238282,-0.1026962,-0.9944609,187.1294,182.6801,200.5184,185.8959,181.2894,192.2954,-1.233444,1.390717,-8.223007,0.2073646,-0.8825897,-0.4219425,0.2848518,-0.8829346,-0.3732103,244.4488,153.8281,166.7782,247.0865,142.6474,162.1193,2.637756,11.18069,-4.658859,57.31941,28.85199,-33.74028,61.19061,38.64197,-30.17613,3.871201,-9.789978,3.564148,2.999675,,,,,,,,,,,,,,
6,3,full,25,7,0.009115058,-0.06140047,-0.9980716,-0.006179762,-0.1110328,-0.9937976,183.5203,179.4768,171.556,186.375,180.3563,183.1856,2.854645,-0.8795166,11.62965,0.2744937,0.6196198,-0.7353399,0.3546912,0.4153866,-0.8376444,139.8815,159.53,23.8935,153.6233,157.0503,40.49343,13.74178,2.479691,16.59993,-43.63885,19.94676,-147.6625,-32.75172,23.30597,-142.6922,10.88713,-3.359207,4.970261,3.920406,,,,,,,,,,,,,,
6,3,full,26,4,-0.03042467,-0.3014008,-0.9530123,-0.04126263,-0.1048375,-0.993633,197.5501,181.8285,185.7642,186.0229,182.3779,201.4839,-11.52719,-0.549408,15.71977,0.2982768,0.7594643,0.5781392,0.5418619,0.8004087,0.2563818,52.71994,27.29036,21.44223,72.23903,64.67885,34.09727,19.51909,-37.38849,12.65504,-144.8302,154.5382,-164.3219,-113.7839,117.6991,-167.3867,31.04628,36.83908,-3.064728,5.186013,,,,,,,,,,,,,,
7,4,full,0,4,-0.01568647,-0.1311178,-0.9912428,0.01475896,-0.1827962,-0.98304,187.5351,180.9066,186.8222,190.5338,179.1398,175.384,2.998703,1.766785,-11.43828,0.425473,0.5424749,0.7243575,0.5035596,0.6520915,0.5667489,36.82972,30.42912,38.10774,49.00529,41.62127,37.67612,12.17557,-11.19216,-0.4316139,-150.7054,150.4775,-148.7145,-141.5285,137.5186,-137.7078,9.17688,12.95894,11.00667,4.075267,,,,,,,,,,,,,,
7,4,full,1,8,-0.009561731,-0.1462967,-0.9891946,0.01405138,-0.1763133,-0.9842337,188.4128,180.5538,183.7394,190.1561,179.1821,175.4434,1.743332,1.371735,-8.296036,0.1593453,0.1939596,-0.9679819,0.2079835,-0.004417422,-0.9781224,168.6694,170.652,39.40442,180.2588,167.9957,91.21674,11.58937,2.656357,51.81232,-19.74338,9.901779,-144.335,-9.897339,11.1864,-84.22666,9.846039,-1.284622,60.10836,3.396922,,,,,,,,,,,,,,
7,4,full,2,1,-0.002634669,-0.1770056,-0.9842064,0.002576406,-0.1724158,-0.9850209,190.1954,180.1534,180.8528,189.9283,179.8501,179.1439,-0.2670898,0.3032227,-1.708878,-0.252136,0.5398608,-0.8031052,-0.2847026,0.7404525,-0.6088305,146.0903,197.4297,334.9656,129.4285,205.0618,338.9684,-16.6619,-7.63208,4.002747,-44.10509,-17.27638,154.1128,-60.49989,-25.21169,159.8245,-16.39481,7.935303,5.711624,3.129564,,,,,,,,,,,,,,
7,4,full,3,5,-0.006626618,-0.1901112,-0.9817402,0.003691577,-0.1723155,-0.9850349,190.9595,180.3867,181.9963,189.9225,179.7853,178.7727,-1.036972,0.6014557,-3.223602,0.9983916,0.002794558,-0.05662634,0.9712918,-0.1943907,-0.1371294,177.1747,93.2462,89.83962,234.7996,98.03605,101.3174,57.62492,-4.789848,11.47781,-13.78481,87.14053,-92.1567,44.87709,81.74923,-77.45528,58.6619,5.391304,14.70142,3.266031,,,,,,,,,,,,,,
7,4,full,4,7,-0.02463164,-0.1768674,-0.9839265,-0.007173643,-0.1691941,-0.9855567,190.1905,181.4341,187.9284,189.7412,180.417,182.4278,-0.4492493,1.017014,-5.500534,0.2793444,0.2914018,-0.9149054,0.4054782,0.4542949,-0.7932235,162.3331,163.0212,43.78977,150.1994,152.9249,41.75032,-12.1337,10.09631,-2.039452,-27.85741,18.41284,-144.1386,-39.54185,27.49214,-140.6775,-11.68445,-9.0793,3.46109,3.121716,,,,,,,,,,,,,,
7,4,full,5,0,0.01375623,-0.2824843,-0.9591734,-0.003219063,-0.1647277,-0.9863338,196.4101,179.1783,177.2121,189.4815,180.187,181.1195,-6.92865,-1.008667,3.907471,-0.3300454,-0.3372449,-0.8816667,-0.157056,-0.3917153,-0.9065829,200.9323,200.523,224.3819,203.3681,189.8284,201.848,2.435883,10.69466,-22.53381,4.522141,-21.34468,47.1698,13.88667,-9.641357,20.72852,9.364532,-11.70332,-26.44128,3.321471,,,,,,,,,,,,,,
7,4,full,6,3,0.02936878,-0.1793841,-0.9833407,0.01060062,-0.1736633,-0.9847481,190.3384,178.2893,170.702,190.0014,179.3833,176.5069,-0.3369446,-1.093964,5.804916,-0.07878286,-0.7924589,0.6048159,-0.08442852,-0.9242368,0.3723684,307.3514,352.5785,185.6774,291.9442,347.2251,185.2195,-15.40723,5.353394,-0.4579926,117.013,-174.2892,14.97542,101.9427,-167.8418,8.712509,-15.07028,-6.447357,-6.262909,3.343847,,,,,,,,,,,,,,
7,4,full,7,2,0.005887041,-0.1729997,-0.9849043,0.007161535,-0.1652076,-0.9862328,189.9624,179.6575,178.051,189.5095,179.584,177.5179,-0.4528961,0.07357788,-0.5331573,-0.9294845,-0.096848,0.3559202,-0.8929288,-0.2339982,0.3846076,344.778,290.9529,264.0515,328.6833,293.3028,255.3154,-16.09467,-2.349854,-8.736069,154.8156,-111.2954,86.00049,139.1738,-113.7188,77.79758,-15.64177,2.423431,-8.202911,3.231245,,,,,,,,,,,,,,
7,4,full,9,7,0.006476964,-0.2181968,-0.9758833,0.01208647,-0.1572994,-0.9874769,192.6034,179.6197,178.2997,189.0508,179.2988,175.6062,-3.552567,0.3209839,-2.693558,0.2911841,0.2763836,-0.9158736,0.40347,0.443435,-0.8003608,163.2077,162.363,46.49376,151.0116,153.2469,42.29825,-12.19612,9.116089,-4.195515,-29.39566,17.25677,-131.806,-38.03922,26.05188,-133.3079,-8.643555,-8.795105,-1.501953,3.062781,,,,,,,,,,,,,,
7,4,full,10,5,-0.004290836,-0.2144344,-0.976729,0.01854003,-0.1580586,-0.9872557,192.3825,180.2517,181.1463,189.0958,178.9242,173.3099,-3.286667,1.32753,-7.836472,0.9882709,-0.01536493,-0.1519363,0.9620459,-0.1847096,-0.200873,185.7745,98.7402,90.89072,222.5996,101.7938,100.8683,36.82506,-3.053589,9.977623,-6.607925,81.5115,-90.25561,33.5038,77.13038,-72.44151,40.11172,4.381119,17.81409,2.697456,,,,,,,,,,,,,,
7,4,full,11,8,0.01311083,-0.1890053,-0.9818888,0.002282676,-0.1572578,-0.987555,190.8957,179.235,176.0319,189.0478,179.8676,179.1684,-1.8479,-0.6325684,3.13649,0.1240063,0.1251116,-0.9843625,0.2055576,-0.000997815,-0.9786445,172.7566,172.8199,44.74578,180.0584,168.1378,90.27812,7.301834,4.682068,45.53234,-18.13908,6.415085,-131.2861,-8.989349,11.72972,-88.89026,9.149734,-5.314636,42.39584,2.887239,,,,,,,,,,,,,,
7,4,full,12,1,-0.006564002,-0.221995,-0.9750258,0.01477721,-0.1565384,-0.9875613,192.8265,180.3857,181.6936,189.007,179.1427,174.6073,-3.819489,1.242996,-7.086365,-0.4169609,0.4435082,-0.7933753,-0.2665971,0.7202811,-0.6404071,150.7942,207.7243,316.7672,131.6405,202.6016,339.689,-19.15366,5.122681,22.92188,-42.03232,-27.33858,135.0735,-57.36649,-23.45889,165.0818,-15.33417,-3.879684,30.00824,2.765569,,,,,,,,,,,,,,
7,4,full,13,4,-0.00733878,-0.1568188,-0.9876003,0.01426884,-0.1599067,-0.987029,189.0225,180.4258,182.6794,189.2024,179.1718,174.9009,0.1798859,1.253967,-7.778488,0.5299081,0.5567657,0.6396948,0.5721596,0.6777509,0.4618303,41.03506,39.63755,43.58419,55.72886,51.09056,40.17117,14.6938,-11.45301,-3.413025,-147.9875,140.7882,-139.0952,-133.4736,128.0812,-134.7297,14.51392,12.70699,4.365463,3.920631,,,,,,,,,,,,,,
7,4,full,14,6,-0.01814992,-0.1368573,-0.9904245,0.01418403,-0.1640454,-0.9863508,187.8673,181.0499,187.5544,189.4427,179.1761,175.0583,1.575409,1.873734,-12.49617,0.4136428,-0.7972239,-0.4396977,0.3115239,-0.9122826,-0.2658818,241.1217,136.7489,152.5773,253.7514,130.4803,161.1461,12.62971,6.268509,8.568848,53.25435,44.30099,-34.97716,64.30865,48.69577,-13.91214,11.05431,-4.394775,21.06502,2.83224,,,,,,,,,,,,,,
7,4,full,15,2,-0.01164929,-0.1049564,-0.9944087,0.01210796,-0.1646097,-0.9862845,186.0251,180.6712,186.3334,189.4753,179.2967,175.7932,3.45018,1.374527,-10.54028,-0.8879128,-0.000299301,0.4600119,-0.8974895,-0.2385551,0.3709501,359.9627,297.3879,269.9807,327.2552,292.4563,255.1148,-32.70746,4.93161,-14.86588,173.9376,-116.7167,83.64725,137.78,-113.1596,79.32166,-36.15764,-3.557083,-4.325592,3.231431,,,,,,,,,,,,,,
7,4,full,16,3,-0.02527392,-0.197572,-0.9799627,0.03103884,-0.1571925,-0.9870801,191.3987,181.4774,187.2898,189.0484,178.1989,168.8302,-2.350327,3.278427,-18.45961,-0.077605,-0.8750693,0.4777355,-0.101055,-0.9662895,0.236796,298.6319,350.7733,185.068,283.7694,336.8892,185.9703,-14.86252,13.88409,0.9023438,107.2332,-169.2959,-2.221848,94.72101,-158.6902,17.14011,-12.51219,-10.60567,19.36195,3.175304,,,,,,,,,,,,,,
7,4,full,17,0,0.02299123,-0.04232727,-0.9988394,0.0367621,-0.1711709,-0.9845552,182.4265,178.6814,151.4902,189.8626,177.8616,167.8788,7.436096,0.8197632,16.38863,-0.2620655,-0.316785,-0.911575,-0.1441934,-0.3823874,-0.9126819,199.163,196.0392,219.5998,202.7323,188.9779,200.6608,3.569244,7.061356,-18.939,16.7365,-17.35783,68.10963,12.86964,-11.11624,32.78201,-3.866852,-6.241592,-35.32762,2.810162,,,,,,,,,,,,,,
7,4,full,18,4,0.007396905,-0.1575344,-0.9874858,0.02314897,-0.1618281,-0.9865474,189.0641,179.5708,177.3117,189.3155,178.6558,171.8593,0.2514801,0.9150085,-5.452454,0.4578178,0.4690602,0.7552387,0.5737729,0.6927951,0.436829,31.8434,31.2238,44.30507,57.76728,52.71699,39.63155,25.92388,-21.49318,-4.673519,-157.2207,148.347,-133.0066,-131.5482,125.9388,-132.2277,25.67241,22.4082,0.7789459,3.286788,,,,,,,,,,,,,,
7,4,full,19,3,-0.000421547,-0.09266086,-0.9956976,0.01713085,-0.1652381,-0.9861049,185.3167,180.0242,180.2607,189.5125,179.0047,174.0811,4.19577,1.019501,-6.179596,-0.3566949,-0.8214339,0.4449889,-0.04478121,-0.9549661,0.2933162,298.4454,321.285,203.4721,287.0742,351.3195,182.6848,-11.37112,-30.03458,-20.78734,113.1287,-141.2607,23.21147,97.56177,-172.3148,8.603729,-15.56689,31.05408,-14.60774,2.65452,,,,,,,,,,,,,,
7,4,full,20,0,0.03808924,-0.1297587,-0.9908137,0.04655819,-0.1642694,-0.9853162,187.4611,177.7985,163.641,189.4651,177.2947,164.1759,2.004044,0.50383,0.5349274,-0.3545862,-0.367189,-0.8599075,-0.1450172,-0.3781795,-0.9143032,203.123,202.409,223.9997,202.4713,189.0126,200.9799,-0.6517029,13.39641,-23.01978,15.66185,-24.61047,60.35869,13.0061,-11.7179,36.80399,-2.655746,-12.89258,-23.5547,3.546576,,,,,,,,,,,,,,
7,4,full,21,8,0.02132955,-0.1885609,-0.98183,0.02418103,-0.1591093,-0.9869648,190.8713,178.7555,173.5463,189.1579,178.5965,171.3585,-1.713425,0.1589813,-2.187805,0.2389327,0.114403,-0.9642735,0.2032223,-0.002062267,-0.9791304,173.234,166.0833,64.41451,180.1207,168.2745,90.58141,6.886703,-2.191269,26.1669,-17.63736,12.67224,-109.1318,-9.037231,10.32199,-80.77705,8.600128,2.35025,28.35471,2.756947,,,,,,,,,,,,,,
7,4,full,22,5,-0.0157669,-0.1783374,-0.9838434,0.01332495,-0.1561128,-0.9876494,190.2742,180.9181,185.0524,188.9821,179.227,175.1214,-1.292068,1.691101,-9.931046,0.9932407,-0.02261185,0.1138498,0.9466045,-0.1830831,-0.2653686,348.7666,83.46104,91.30415,214.6026,105.6602,100.9464,-134.164,-22.19913,9.642288,158.4924,97.4571,-93.74826,25.62042,73.56687,-74.17493,-132.872,23.89023,19.57333,2.488358,,,,,,,,,,,,,,
7,4,full,23,6,-0.042506,-0.1735288,-0.9839112,0.01164882,-0.1528682,-0.9881779,190.0022,182.4737,193.7636,188.7938,179.3246,175.6424,-1.208405,3.149063,-18.12125,0.339919,-0.8487672,-0.4050298,0.3105215,-0.909681,-0.2757841,244.4896,139.9951,158.1746,253.1345,131.6093,161.1526,8.644867,8.385818,2.977936,54.48744,42.47858,-35.589,64.34071,47.71533,-14.48982,9.853271,-5.236755,21.09918,2.676066,,,,,,,,,,,,,,
7,4,full,24,7,-0.007483004,-0.2044111,-0.9788566,0.01189583,-0.1559484,-0.9876935,191.7954,180.438,182.0965,188.9724,179.31,175.6379,-2.822922,1.128036,-6.458633,0.3330501,0.2369231,-0.9126583,0.4011071,0.4431709,-0.8016937,165.4474,159.9518,54.57296,151.0665,153.4201,42.14775,-14.38095,6.531723,-12.4252,-26.34793,20.48621,-127.5236,-37.90596,25.88989,-133.4901,-11.55803,-5.403687,-5.966568,2.842714,,,,,,,,,,,,,,
7,4,full,25,1,-0.006708985,-0.2106682,-0.9775348,0.00627458,-0.1521955,-0.9883305,192.1618,180.3932,181.824,188.7543,179.6363,177.6392,-3.40744,0.756958,-4.184845,-0.4277341,0.4734659,-0.7699829,-0.2689962,0.7151589,-0.6451269,148.4125,209.0527,317.905,132.0528,202.6345,339.387,-16.35963,6.418182,21.48196,-43.74933,-28.65945,136.081,-56.70152,-22.99823,161.7478,-12.95219,-5.661224,25.66681,3.011145,,,,,,,,,,,,,,
7,4,full,26,2,0.01112112,-0.1227139,-0.9923798,0.01493258,-0.1617676,-0.9867159,187.0492,179.3579,174.8216,189.3105,179.133,174.726,2.261368,0.2249756,-0.09559631,-0.7514985,0.05584619,0.6573669,-0.9212741,-0.2388785,0.3069057,4.855867,311.1775,274.25,322.1048,288.4246,255.4638,317.2489,22.75296,-18.78619,-182.1933,-131.8196,99.42838,132.7942,-109.2916,80.73778,314.9875,-22.52798,-18.6906,3.341448,,,,,,,,,,,,,,
7,4,full,27,6,-0.05176333,-0.1227139,-0.9859253,0.02362671,-0.1571912,-0.9872856,189.1597,183.0054,198.0358,189.0464,178.6291,171.4521,-0.1132202,4.376282,-26.58369,0.3915583,-0.8349847,-0.38663,0.3195249,-0.906539,-0.2758457,245.1541,134.6372,154.8762,253.0758,130.804,160.5841,7.921753,3.83313,5.707932,55.99438,48.36824,-43.15961,64.02936,47.82509,-10.86798,8.034973,0.5431519,32.29163,2.889355,,,,,,,,,,,,,,
